PRAGMA foreign_keys=OFF;
BEGIN TRANSACTION;
CREATE TABLE IF NOT EXISTS "django_migrations" ("id" integer NOT NULL PRIMARY KEY AUTOINCREMENT, "app" varchar(255) NOT NULL, "name" varchar(255) NOT NULL, "applied" datetime NOT NULL);
INSERT INTO django_migrations VALUES(1,'contenttypes','0001_initial','2016-08-18 16:13:18.286514');
INSERT INTO django_migrations VALUES(2,'auth','0001_initial','2016-08-18 16:13:18.441367');
INSERT INTO django_migrations VALUES(3,'account','0001_initial','2016-08-18 16:13:18.570314');
INSERT INTO django_migrations VALUES(4,'account','0002_fix_str','2016-08-18 16:13:18.748664');
INSERT INTO django_migrations VALUES(5,'admin','0001_initial','2016-08-18 16:13:18.865298');
INSERT INTO django_migrations VALUES(6,'admin','0002_logentry_remove_auto_add','2016-08-18 16:13:19.057902');
INSERT INTO django_migrations VALUES(7,'contenttypes','0002_remove_content_type_name','2016-08-18 16:13:19.247242');
INSERT INTO django_migrations VALUES(8,'auth','0002_alter_permission_name_max_length','2016-08-18 16:13:19.346903');
INSERT INTO django_migrations VALUES(9,'auth','0003_alter_user_email_max_length','2016-08-18 16:13:19.517492');
INSERT INTO django_migrations VALUES(10,'auth','0004_alter_user_username_opts','2016-08-18 16:13:19.711138');
INSERT INTO django_migrations VALUES(11,'auth','0005_alter_user_last_login_null','2016-08-18 16:13:19.816391');
INSERT INTO django_migrations VALUES(12,'auth','0006_require_contenttypes_0002','2016-08-18 16:13:19.846048');
INSERT INTO django_migrations VALUES(13,'auth','0007_alter_validators_add_error_messages','2016-08-18 16:13:20.124867');
INSERT INTO django_migrations VALUES(14,'eventlog','0001_initial','2016-08-18 16:13:20.515324');
INSERT INTO django_migrations VALUES(15,'eventlog','0002_auto_20150113_1450','2016-08-18 16:13:20.681808');
INSERT INTO django_migrations VALUES(16,'eventlog','0003_auto_20160111_0208','2016-08-18 16:13:20.792891');
INSERT INTO django_migrations VALUES(17,'sessions','0001_initial','2016-08-18 16:13:20.984512');
INSERT INTO django_migrations VALUES(18,'sites','0001_initial','2016-08-18 16:13:21.190250');
INSERT INTO django_migrations VALUES(19,'sites','0002_alter_domain_unique','2016-08-18 16:13:21.310822');
INSERT INTO django_migrations VALUES(20,'account','0002_auto_20160229_1613','2016-09-05 11:01:09.626549');
INSERT INTO django_migrations VALUES(21,'account','0003_auto_20160810_1136','2016-09-05 11:01:09.658419');
INSERT INTO django_migrations VALUES(22,'tasks','0001_initial','2016-09-05 11:01:09.695445');
INSERT INTO django_migrations VALUES(23,'tasks','0002_auto_20160904_1820','2016-09-05 11:01:09.752385');
INSERT INTO django_migrations VALUES(24,'tasks','0003_auto_20160908_1019','2016-09-16 20:50:53.652869');
INSERT INTO django_migrations VALUES(25,'tasks','0004_auto_20160914_0911','2016-09-16 20:50:53.724548');
INSERT INTO django_migrations VALUES(26,'tasks','0005_auto_20160924_1105','2016-09-25 08:35:11.133194');
INSERT INTO django_migrations VALUES(27,'account','0003_passwordexpiry_passwordhistory','2021-08-16 20:09:20.844293');
INSERT INTO django_migrations VALUES(28,'account','0004_auto_20170416_1821','2021-08-16 20:09:20.863485');
INSERT INTO django_migrations VALUES(29,'account','0005_update_default_language','2021-08-16 20:09:20.881717');
INSERT INTO django_migrations VALUES(30,'admin','0003_logentry_add_action_flag_choices','2021-08-16 20:09:20.901596');
INSERT INTO django_migrations VALUES(31,'auth','0008_alter_user_username_max_length','2021-08-16 20:09:20.921192');
INSERT INTO django_migrations VALUES(32,'auth','0009_alter_user_last_name_max_length','2021-08-16 20:09:20.945436');
INSERT INTO django_migrations VALUES(33,'auth','0010_alter_group_name_max_length','2021-08-16 20:09:20.982996');
INSERT INTO django_migrations VALUES(34,'auth','0011_update_proxy_permissions','2021-08-16 20:09:21.000465');
INSERT INTO django_migrations VALUES(35,'auth','0012_alter_user_first_name_max_length','2021-08-16 20:09:21.040946');
CREATE TABLE IF NOT EXISTS "auth_group_permissions" ("id" integer NOT NULL PRIMARY KEY AUTOINCREMENT, "group_id" integer NOT NULL REFERENCES "auth_group" ("id"), "permission_id" integer NOT NULL REFERENCES "auth_permission" ("id"));
CREATE TABLE IF NOT EXISTS "auth_user_groups" ("id" integer NOT NULL PRIMARY KEY AUTOINCREMENT, "user_id" integer NOT NULL REFERENCES "auth_user" ("id"), "group_id" integer NOT NULL REFERENCES "auth_group" ("id"));
CREATE TABLE IF NOT EXISTS "auth_user_user_permissions" ("id" integer NOT NULL PRIMARY KEY AUTOINCREMENT, "user_id" integer NOT NULL REFERENCES "auth_user" ("id"), "permission_id" integer NOT NULL REFERENCES "auth_permission" ("id"));
CREATE TABLE IF NOT EXISTS "account_accountdeletion" ("id" integer NOT NULL PRIMARY KEY AUTOINCREMENT, "email" varchar(254) NOT NULL, "date_requested" datetime NOT NULL, "date_expunged" datetime NULL, "user_id" integer NULL REFERENCES "auth_user" ("id"));
CREATE TABLE IF NOT EXISTS "account_emailaddress" ("id" integer NOT NULL PRIMARY KEY AUTOINCREMENT, "email" varchar(254) NOT NULL UNIQUE, "verified" bool NOT NULL, "primary" bool NOT NULL, "user_id" integer NOT NULL REFERENCES "auth_user" ("id"));
INSERT INTO account_emailaddress VALUES(1,'zo@zo.com',0,1,1);
CREATE TABLE IF NOT EXISTS "account_emailconfirmation" ("id" integer NOT NULL PRIMARY KEY AUTOINCREMENT, "created" datetime NOT NULL, "sent" datetime NULL, "key" varchar(64) NOT NULL UNIQUE, "email_address_id" integer NOT NULL REFERENCES "account_emailaddress" ("id"));
CREATE TABLE IF NOT EXISTS "account_signupcode" ("id" integer NOT NULL PRIMARY KEY AUTOINCREMENT, "code" varchar(64) NOT NULL UNIQUE, "max_uses" integer unsigned NOT NULL, "expiry" datetime NULL, "email" varchar(254) NOT NULL, "notes" text NOT NULL, "sent" datetime NULL, "created" datetime NOT NULL, "use_count" integer unsigned NOT NULL, "inviter_id" integer NULL REFERENCES "auth_user" ("id"));
CREATE TABLE IF NOT EXISTS "account_signupcoderesult" ("id" integer NOT NULL PRIMARY KEY AUTOINCREMENT, "timestamp" datetime NOT NULL, "signup_code_id" integer NOT NULL REFERENCES "account_signupcode" ("id"), "user_id" integer NOT NULL REFERENCES "auth_user" ("id"));
CREATE TABLE IF NOT EXISTS "django_content_type" ("id" integer NOT NULL PRIMARY KEY AUTOINCREMENT, "app_label" varchar(100) NOT NULL, "model" varchar(100) NOT NULL);
INSERT INTO django_content_type VALUES(1,'admin','logentry');
INSERT INTO django_content_type VALUES(2,'auth','permission');
INSERT INTO django_content_type VALUES(3,'auth','group');
INSERT INTO django_content_type VALUES(4,'auth','user');
INSERT INTO django_content_type VALUES(5,'contenttypes','contenttype');
INSERT INTO django_content_type VALUES(6,'sessions','session');
INSERT INTO django_content_type VALUES(7,'sites','site');
INSERT INTO django_content_type VALUES(8,'account','account');
INSERT INTO django_content_type VALUES(9,'account','signupcode');
INSERT INTO django_content_type VALUES(10,'account','signupcoderesult');
INSERT INTO django_content_type VALUES(11,'account','emailaddress');
INSERT INTO django_content_type VALUES(12,'account','emailconfirmation');
INSERT INTO django_content_type VALUES(13,'account','accountdeletion');
INSERT INTO django_content_type VALUES(14,'eventlog','log');
INSERT INTO django_content_type VALUES(15,'tasks','task1play');
INSERT INTO django_content_type VALUES(16,'quiz','category');
INSERT INTO django_content_type VALUES(17,'quiz','subcategory');
INSERT INTO django_content_type VALUES(18,'quiz','quiz');
INSERT INTO django_content_type VALUES(19,'quiz','progress');
INSERT INTO django_content_type VALUES(20,'quiz','sitting');
INSERT INTO django_content_type VALUES(21,'quiz','question');
INSERT INTO django_content_type VALUES(22,'multichoice','mcquestion');
INSERT INTO django_content_type VALUES(23,'multichoice','answer');
INSERT INTO django_content_type VALUES(24,'essay','essay_question');
INSERT INTO django_content_type VALUES(25,'true_false','tf_question');
INSERT INTO django_content_type VALUES(26,'account','passwordexpiry');
INSERT INTO django_content_type VALUES(27,'account','passwordhistory');
CREATE TABLE IF NOT EXISTS "auth_permission" ("id" integer NOT NULL PRIMARY KEY AUTOINCREMENT, "content_type_id" integer NOT NULL REFERENCES "django_content_type" ("id"), "codename" varchar(100) NOT NULL, "name" varchar(255) NOT NULL);
INSERT INTO auth_permission VALUES(1,1,'add_logentry','Can add log entry');
INSERT INTO auth_permission VALUES(2,1,'change_logentry','Can change log entry');
INSERT INTO auth_permission VALUES(3,1,'delete_logentry','Can delete log entry');
INSERT INTO auth_permission VALUES(4,2,'add_permission','Can add permission');
INSERT INTO auth_permission VALUES(5,2,'change_permission','Can change permission');
INSERT INTO auth_permission VALUES(6,2,'delete_permission','Can delete permission');
INSERT INTO auth_permission VALUES(7,3,'add_group','Can add group');
INSERT INTO auth_permission VALUES(8,3,'change_group','Can change group');
INSERT INTO auth_permission VALUES(9,3,'delete_group','Can delete group');
INSERT INTO auth_permission VALUES(10,4,'add_user','Can add user');
INSERT INTO auth_permission VALUES(11,4,'change_user','Can change user');
INSERT INTO auth_permission VALUES(12,4,'delete_user','Can delete user');
INSERT INTO auth_permission VALUES(13,5,'add_contenttype','Can add content type');
INSERT INTO auth_permission VALUES(14,5,'change_contenttype','Can change content type');
INSERT INTO auth_permission VALUES(15,5,'delete_contenttype','Can delete content type');
INSERT INTO auth_permission VALUES(16,6,'add_session','Can add session');
INSERT INTO auth_permission VALUES(17,6,'change_session','Can change session');
INSERT INTO auth_permission VALUES(18,6,'delete_session','Can delete session');
INSERT INTO auth_permission VALUES(19,7,'add_site','Can add site');
INSERT INTO auth_permission VALUES(20,7,'change_site','Can change site');
INSERT INTO auth_permission VALUES(21,7,'delete_site','Can delete site');
INSERT INTO auth_permission VALUES(22,8,'add_account','Can add account');
INSERT INTO auth_permission VALUES(23,8,'change_account','Can change account');
INSERT INTO auth_permission VALUES(24,8,'delete_account','Can delete account');
INSERT INTO auth_permission VALUES(25,9,'add_signupcode','Can add signup code');
INSERT INTO auth_permission VALUES(26,9,'change_signupcode','Can change signup code');
INSERT INTO auth_permission VALUES(27,9,'delete_signupcode','Can delete signup code');
INSERT INTO auth_permission VALUES(28,10,'add_signupcoderesult','Can add signup code result');
INSERT INTO auth_permission VALUES(29,10,'change_signupcoderesult','Can change signup code result');
INSERT INTO auth_permission VALUES(30,10,'delete_signupcoderesult','Can delete signup code result');
INSERT INTO auth_permission VALUES(31,11,'add_emailaddress','Can add email address');
INSERT INTO auth_permission VALUES(32,11,'change_emailaddress','Can change email address');
INSERT INTO auth_permission VALUES(33,11,'delete_emailaddress','Can delete email address');
INSERT INTO auth_permission VALUES(34,12,'add_emailconfirmation','Can add email confirmation');
INSERT INTO auth_permission VALUES(35,12,'change_emailconfirmation','Can change email confirmation');
INSERT INTO auth_permission VALUES(36,12,'delete_emailconfirmation','Can delete email confirmation');
INSERT INTO auth_permission VALUES(37,13,'add_accountdeletion','Can add account deletion');
INSERT INTO auth_permission VALUES(38,13,'change_accountdeletion','Can change account deletion');
INSERT INTO auth_permission VALUES(39,13,'delete_accountdeletion','Can delete account deletion');
INSERT INTO auth_permission VALUES(40,14,'add_log','Can add log');
INSERT INTO auth_permission VALUES(41,14,'change_log','Can change log');
INSERT INTO auth_permission VALUES(42,14,'delete_log','Can delete log');
INSERT INTO auth_permission VALUES(43,15,'add_task1play','Can add task1 play');
INSERT INTO auth_permission VALUES(44,15,'change_task1play','Can change task1 play');
INSERT INTO auth_permission VALUES(45,15,'delete_task1play','Can delete task1 play');
INSERT INTO auth_permission VALUES(46,16,'add_category','Can add Category');
INSERT INTO auth_permission VALUES(47,16,'change_category','Can change Category');
INSERT INTO auth_permission VALUES(48,16,'delete_category','Can delete Category');
INSERT INTO auth_permission VALUES(49,17,'add_subcategory','Can add Sub-Category');
INSERT INTO auth_permission VALUES(50,17,'change_subcategory','Can change Sub-Category');
INSERT INTO auth_permission VALUES(51,17,'delete_subcategory','Can delete Sub-Category');
INSERT INTO auth_permission VALUES(52,18,'add_quiz','Can add Quiz');
INSERT INTO auth_permission VALUES(53,18,'change_quiz','Can change Quiz');
INSERT INTO auth_permission VALUES(54,18,'delete_quiz','Can delete Quiz');
INSERT INTO auth_permission VALUES(55,19,'add_progress','Can add User Progress');
INSERT INTO auth_permission VALUES(56,19,'change_progress','Can change User Progress');
INSERT INTO auth_permission VALUES(57,19,'delete_progress','Can delete User Progress');
INSERT INTO auth_permission VALUES(58,20,'add_sitting','Can add sitting');
INSERT INTO auth_permission VALUES(59,20,'change_sitting','Can change sitting');
INSERT INTO auth_permission VALUES(60,20,'delete_sitting','Can delete sitting');
INSERT INTO auth_permission VALUES(61,20,'view_sittings','Can see completed exams.');
INSERT INTO auth_permission VALUES(62,21,'add_question','Can add Question');
INSERT INTO auth_permission VALUES(63,21,'change_question','Can change Question');
INSERT INTO auth_permission VALUES(64,21,'delete_question','Can delete Question');
INSERT INTO auth_permission VALUES(65,22,'add_mcquestion','Can add Multiple Choice Question');
INSERT INTO auth_permission VALUES(66,22,'change_mcquestion','Can change Multiple Choice Question');
INSERT INTO auth_permission VALUES(67,22,'delete_mcquestion','Can delete Multiple Choice Question');
INSERT INTO auth_permission VALUES(68,23,'add_answer','Can add Answer');
INSERT INTO auth_permission VALUES(69,23,'change_answer','Can change Answer');
INSERT INTO auth_permission VALUES(70,23,'delete_answer','Can delete Answer');
INSERT INTO auth_permission VALUES(71,24,'add_essay_question','Can add Essay style question');
INSERT INTO auth_permission VALUES(72,24,'change_essay_question','Can change Essay style question');
INSERT INTO auth_permission VALUES(73,24,'delete_essay_question','Can delete Essay style question');
INSERT INTO auth_permission VALUES(74,25,'add_tf_question','Can add True/False Question');
INSERT INTO auth_permission VALUES(75,25,'change_tf_question','Can change True/False Question');
INSERT INTO auth_permission VALUES(76,25,'delete_tf_question','Can delete True/False Question');
INSERT INTO auth_permission VALUES(77,1,'view_logentry','Can view log entry');
INSERT INTO auth_permission VALUES(78,2,'view_permission','Can view permission');
INSERT INTO auth_permission VALUES(79,3,'view_group','Can view group');
INSERT INTO auth_permission VALUES(80,4,'view_user','Can view user');
INSERT INTO auth_permission VALUES(81,5,'view_contenttype','Can view content type');
INSERT INTO auth_permission VALUES(82,6,'view_session','Can view session');
INSERT INTO auth_permission VALUES(83,7,'view_site','Can view site');
INSERT INTO auth_permission VALUES(84,8,'view_account','Can view account');
INSERT INTO auth_permission VALUES(85,13,'view_accountdeletion','Can view account deletion');
INSERT INTO auth_permission VALUES(86,11,'view_emailaddress','Can view email address');
INSERT INTO auth_permission VALUES(87,12,'view_emailconfirmation','Can view email confirmation');
INSERT INTO auth_permission VALUES(88,9,'view_signupcode','Can view signup code');
INSERT INTO auth_permission VALUES(89,10,'view_signupcoderesult','Can view signup code result');
INSERT INTO auth_permission VALUES(90,26,'add_passwordexpiry','Can add password expiry');
INSERT INTO auth_permission VALUES(91,26,'change_passwordexpiry','Can change password expiry');
INSERT INTO auth_permission VALUES(92,26,'delete_passwordexpiry','Can delete password expiry');
INSERT INTO auth_permission VALUES(93,26,'view_passwordexpiry','Can view password expiry');
INSERT INTO auth_permission VALUES(94,27,'add_passwordhistory','Can add password history');
INSERT INTO auth_permission VALUES(95,27,'change_passwordhistory','Can change password history');
INSERT INTO auth_permission VALUES(96,27,'delete_passwordhistory','Can delete password history');
INSERT INTO auth_permission VALUES(97,27,'view_passwordhistory','Can view password history');
INSERT INTO auth_permission VALUES(98,14,'view_log','Can view log');
INSERT INTO auth_permission VALUES(99,15,'view_task1play','Can view task1 play');
CREATE TABLE IF NOT EXISTS "eventlog_log" ("id" integer NOT NULL PRIMARY KEY AUTOINCREMENT, "timestamp" datetime NOT NULL, "action" varchar(50) NOT NULL, "user_id" integer NULL REFERENCES "auth_user" ("id"), "content_type_id" integer NULL REFERENCES "django_content_type" ("id"), "object_id" integer unsigned NULL, "extra" text NOT NULL);
INSERT INTO eventlog_log VALUES(1,'2016-08-18 16:19:25.573713','LOGIN_ATTEMPTED',NULL,NULL,NULL,'{"username":"zoran","result":false}');
INSERT INTO eventlog_log VALUES(2,'2016-08-19 07:56:14.983327','USER_LOGGED_IN',1,NULL,NULL,'{}');
INSERT INTO eventlog_log VALUES(3,'2016-08-19 08:05:54.882700','USER_LOGGED_IN',1,NULL,NULL,'{}');
INSERT INTO eventlog_log VALUES(4,'2016-08-19 14:23:52.324448','USER_LOGGED_IN',1,NULL,NULL,'{}');
INSERT INTO eventlog_log VALUES(5,'2016-08-19 14:24:09.151827','USER_LOGGED_IN',1,NULL,NULL,'{}');
INSERT INTO eventlog_log VALUES(6,'2016-08-23 11:51:56.557213','USER_LOGGED_IN',1,NULL,NULL,'{}');
INSERT INTO eventlog_log VALUES(7,'2016-08-23 15:08:01.883678','USER_LOGGED_IN',1,NULL,NULL,'{}');
INSERT INTO eventlog_log VALUES(8,'2016-08-23 20:31:52.471884','USER_LOGGED_IN',1,NULL,NULL,'{}');
INSERT INTO eventlog_log VALUES(9,'2016-08-23 20:49:46.853911','USER_LOGGED_IN',1,NULL,NULL,'{}');
INSERT INTO eventlog_log VALUES(10,'2016-08-24 07:57:35.118910','USER_LOGGED_IN',1,NULL,NULL,'{}');
INSERT INTO eventlog_log VALUES(11,'2016-08-25 11:59:47.995443','LOGIN_ATTEMPTED',NULL,NULL,NULL,'{"username":"zoran","result":false}');
INSERT INTO eventlog_log VALUES(12,'2016-08-25 11:59:55.190472','USER_LOGGED_IN',1,NULL,NULL,'{}');
INSERT INTO eventlog_log VALUES(13,'2016-08-25 21:38:56.801270','USER_LOGGED_IN',1,NULL,NULL,'{}');
INSERT INTO eventlog_log VALUES(14,'2016-08-29 19:09:27.891010','USER_LOGGED_IN',1,NULL,NULL,'{}');
INSERT INTO eventlog_log VALUES(15,'2016-08-30 16:10:24.754708','USER_LOGGED_IN',1,NULL,NULL,'{}');
INSERT INTO eventlog_log VALUES(16,'2016-09-03 13:56:57.522538','USER_LOGGED_IN',1,NULL,NULL,'{}');
INSERT INTO eventlog_log VALUES(17,'2016-09-05 10:54:07.270364','LOGIN_ATTEMPTED',NULL,NULL,NULL,'{"username":"zoran","result":false}');
INSERT INTO eventlog_log VALUES(18,'2016-09-05 10:54:10.497118','USER_LOGGED_IN',1,NULL,NULL,'{}');
INSERT INTO eventlog_log VALUES(19,'2016-09-07 08:04:33.965784','USER_LOGGED_IN',1,NULL,NULL,'{}');
INSERT INTO eventlog_log VALUES(20,'2016-09-16 09:44:57.426483','USER_LOGGED_IN',1,NULL,NULL,'{}');
INSERT INTO eventlog_log VALUES(21,'2016-09-16 20:52:55.706234','USER_LOGGED_IN',1,NULL,NULL,'{}');
INSERT INTO eventlog_log VALUES(22,'2016-09-17 08:58:28.423596','USER_LOGGED_IN',1,NULL,NULL,'{}');
INSERT INTO eventlog_log VALUES(23,'2016-09-17 18:59:25.577410','LOGIN_ATTEMPTED',NULL,NULL,NULL,'{"username":"aleksandra","result":false}');
INSERT INTO eventlog_log VALUES(24,'2016-09-17 19:00:21.776980','LOGIN_ATTEMPTED',NULL,NULL,NULL,'{"username":"aleksandra","result":false}');
INSERT INTO eventlog_log VALUES(25,'2016-09-17 19:00:41.443902','USER_LOGGED_IN',NULL,NULL,NULL,'{}');
INSERT INTO eventlog_log VALUES(26,'2016-09-18 17:28:38.208912','LOGIN_ATTEMPTED',NULL,NULL,NULL,'{"username":"zoran","result":false}');
INSERT INTO eventlog_log VALUES(27,'2016-09-18 17:28:41.874198','USER_LOGGED_IN',1,NULL,NULL,'{}');
INSERT INTO eventlog_log VALUES(28,'2016-09-19 09:09:48.584532','USER_LOGGED_IN',1,NULL,NULL,'{}');
INSERT INTO eventlog_log VALUES(29,'2016-09-20 11:53:36.078879','USER_LOGGED_IN',1,NULL,NULL,'{}');
INSERT INTO eventlog_log VALUES(30,'2016-09-22 09:11:21.530095','LOGIN_ATTEMPTED',NULL,NULL,NULL,'{"username":"zoran","result":false}');
INSERT INTO eventlog_log VALUES(31,'2016-09-22 09:11:27.883317','USER_LOGGED_IN',1,NULL,NULL,'{}');
INSERT INTO eventlog_log VALUES(32,'2016-09-22 09:22:55.601692','LOGIN_ATTEMPTED',NULL,NULL,NULL,'{"username":"zorans","result":false}');
INSERT INTO eventlog_log VALUES(33,'2016-09-22 09:24:15.866659','USER_LOGGED_IN',7,NULL,NULL,'{}');
INSERT INTO eventlog_log VALUES(34,'2016-09-22 11:10:19.113161','USER_LOGGED_IN',13,NULL,NULL,'{}');
INSERT INTO eventlog_log VALUES(35,'2016-09-23 09:31:21.671028','USER_LOGGED_IN',12,NULL,NULL,'{}');
INSERT INTO eventlog_log VALUES(36,'2016-09-25 08:12:07.073235','USER_LOGGED_IN',1,NULL,NULL,'{}');
INSERT INTO eventlog_log VALUES(37,'2016-09-25 16:09:10.954323','LOGIN_ATTEMPTED',NULL,NULL,NULL,'{"username":"zpopovic","result":false}');
INSERT INTO eventlog_log VALUES(38,'2016-09-25 16:09:28.277154','USER_LOGGED_IN',123,NULL,NULL,'{}');
INSERT INTO eventlog_log VALUES(39,'2016-09-25 16:09:52.447747','LOGIN_ATTEMPTED',NULL,NULL,NULL,'{"username":"zorap","result":false}');
INSERT INTO eventlog_log VALUES(40,'2016-09-25 16:10:02.019300','USER_LOGGED_IN',123,NULL,NULL,'{}');
INSERT INTO eventlog_log VALUES(41,'2016-09-25 16:10:09.861124','LOGIN_ATTEMPTED',NULL,NULL,NULL,'{"username":"carolined","result":false}');
INSERT INTO eventlog_log VALUES(42,'2016-09-25 16:10:41.971076','USER_LOGGED_IN',25,NULL,NULL,'{}');
INSERT INTO eventlog_log VALUES(43,'2016-09-25 16:10:53.241683','LOGIN_ATTEMPTED',NULL,NULL,NULL,'{"username":"kristijank","result":false}');
INSERT INTO eventlog_log VALUES(44,'2016-09-25 16:11:08.980098','USER_LOGGED_IN',80,NULL,NULL,'{}');
INSERT INTO eventlog_log VALUES(45,'2016-09-25 16:11:09.416317','USER_LOGGED_IN',50,NULL,NULL,'{}');
INSERT INTO eventlog_log VALUES(46,'2016-09-25 16:11:13.548053','USER_LOGGED_IN',62,NULL,NULL,'{}');
INSERT INTO eventlog_log VALUES(47,'2016-09-25 16:11:17.304191','USER_LOGGED_IN',35,NULL,NULL,'{}');
INSERT INTO eventlog_log VALUES(48,'2016-09-25 16:11:22.715004','USER_LOGGED_IN',103,NULL,NULL,'{}');
INSERT INTO eventlog_log VALUES(49,'2016-09-25 16:11:25.285927','USER_LOGGED_IN',33,NULL,NULL,'{}');
INSERT INTO eventlog_log VALUES(50,'2016-09-25 16:11:51.669015','USER_LOGGED_IN',90,NULL,NULL,'{}');
INSERT INTO eventlog_log VALUES(51,'2016-09-25 16:12:23.638283','LOGIN_ATTEMPTED',NULL,NULL,NULL,'{"username":"ecs3croatia.org","result":false}');
INSERT INTO eventlog_log VALUES(52,'2016-09-25 16:12:37.802110','USER_LOGGED_IN',121,NULL,NULL,'{}');
INSERT INTO eventlog_log VALUES(53,'2016-09-25 16:13:38.129218','USER_LOGGED_IN',89,NULL,NULL,'{}');
INSERT INTO eventlog_log VALUES(54,'2016-09-25 16:13:46.679788','LOGIN_ATTEMPTED',NULL,NULL,NULL,'{"username":"ABOSEDE","result":false}');
INSERT INTO eventlog_log VALUES(55,'2016-09-25 16:13:46.931922','USER_LOGGED_IN',102,NULL,NULL,'{}');
INSERT INTO eventlog_log VALUES(56,'2016-09-25 16:15:02.575957','USER_LOGGED_IN',115,NULL,NULL,'{}');
INSERT INTO eventlog_log VALUES(57,'2016-09-25 16:15:20.060986','USER_LOGGED_IN',87,NULL,NULL,'{}');
INSERT INTO eventlog_log VALUES(58,'2016-09-25 16:15:30.567002','USER_LOGGED_IN',114,NULL,NULL,'{}');
INSERT INTO eventlog_log VALUES(59,'2016-09-25 16:15:36.649581','LOGIN_ATTEMPTED',NULL,NULL,NULL,'{"username":"oleksiis","result":false}');
INSERT INTO eventlog_log VALUES(60,'2016-09-25 16:15:40.041664','LOGIN_ATTEMPTED',NULL,NULL,NULL,'{"username":"igors","result":false}');
INSERT INTO eventlog_log VALUES(61,'2016-09-25 16:15:45.489162','LOGIN_ATTEMPTED',NULL,NULL,NULL,'{"username":"igors","result":false}');
INSERT INTO eventlog_log VALUES(62,'2016-09-25 16:15:45.582711','LOGIN_ATTEMPTED',NULL,NULL,NULL,'{"username":"markor","result":false}');
INSERT INTO eventlog_log VALUES(63,'2016-09-25 16:15:57.192154','USER_LOGGED_IN',85,NULL,NULL,'{}');
INSERT INTO eventlog_log VALUES(64,'2016-09-25 16:15:57.526033','USER_LOGGED_IN',49,NULL,NULL,'{}');
INSERT INTO eventlog_log VALUES(65,'2016-09-25 16:15:57.562010','USER_LOGGED_IN',17,NULL,NULL,'{}');
INSERT INTO eventlog_log VALUES(66,'2016-09-25 16:15:57.599990','USER_LOGGED_IN',23,NULL,NULL,'{}');
INSERT INTO eventlog_log VALUES(67,'2016-09-25 16:16:04.357296','LOGIN_ATTEMPTED',NULL,NULL,NULL,'{"username":"chiara","result":false}');
INSERT INTO eventlog_log VALUES(68,'2016-09-25 16:16:07.293838','LOGIN_ATTEMPTED',NULL,NULL,NULL,'{"username":"orbetta","result":false}');
INSERT INTO eventlog_log VALUES(69,'2016-09-25 16:16:10.297966','LOGIN_ATTEMPTED',NULL,NULL,NULL,'{"username":"chiara","result":false}');
INSERT INTO eventlog_log VALUES(70,'2016-09-25 16:16:17.493950','USER_LOGGED_IN',88,NULL,NULL,'{}');
INSERT INTO eventlog_log VALUES(71,'2016-09-25 16:16:21.874983','USER_LOGGED_IN',45,NULL,NULL,'{}');
INSERT INTO eventlog_log VALUES(72,'2016-09-25 16:16:45.990985','USER_LOGGED_IN',29,NULL,NULL,'{}');
INSERT INTO eventlog_log VALUES(73,'2016-09-25 16:17:51.369916','USER_LOGGED_IN',106,NULL,NULL,'{}');
INSERT INTO eventlog_log VALUES(74,'2016-09-25 16:18:59.643931','USER_LOGGED_IN',79,NULL,NULL,'{}');
INSERT INTO eventlog_log VALUES(75,'2016-09-25 16:19:04.748353','USER_LOGGED_IN',91,NULL,NULL,'{}');
INSERT INTO eventlog_log VALUES(76,'2016-09-25 16:19:58.535874','LOGIN_ATTEMPTED',NULL,NULL,NULL,'{"username":"yatsenko","result":false}');
INSERT INTO eventlog_log VALUES(77,'2016-09-25 16:20:03.905806','USER_LOGGED_IN',92,NULL,NULL,'{}');
INSERT INTO eventlog_log VALUES(78,'2016-09-25 16:20:07.561329','USER_LOGGED_IN',59,NULL,NULL,'{}');
INSERT INTO eventlog_log VALUES(79,'2016-09-25 16:20:15.920160','USER_LOGGED_IN',7,NULL,NULL,'{}');
INSERT INTO eventlog_log VALUES(80,'2016-09-25 16:20:32.994171','USER_LOGGED_IN',69,NULL,NULL,'{}');
INSERT INTO eventlog_log VALUES(81,'2016-09-25 16:20:44.237872','LOGIN_ATTEMPTED',NULL,NULL,NULL,'{"username":"dmitriyy","result":false}');
INSERT INTO eventlog_log VALUES(82,'2016-09-25 16:20:48.001984','LOGIN_ATTEMPTED',NULL,NULL,NULL,'{"username":"dmitriyy","result":false}');
INSERT INTO eventlog_log VALUES(83,'2016-09-25 16:21:29.588851','USER_LOGGED_IN',70,NULL,NULL,'{}');
INSERT INTO eventlog_log VALUES(84,'2016-09-25 16:21:48.543104','USER_LOGGED_IN',36,NULL,NULL,'{}');
INSERT INTO eventlog_log VALUES(85,'2016-09-25 16:22:12.535428','LOGIN_ATTEMPTED',NULL,NULL,NULL,'{"username":"andreas.pein","result":false}');
INSERT INTO eventlog_log VALUES(86,'2016-09-25 16:22:40.197189','LOGIN_ATTEMPTED',NULL,NULL,NULL,'{"username":"pein","result":false}');
INSERT INTO eventlog_log VALUES(87,'2016-09-25 16:22:43.661230','USER_LOGGED_IN',37,NULL,NULL,'{}');
INSERT INTO eventlog_log VALUES(88,'2016-09-25 16:22:45.516968','USER_LOGGED_IN',96,NULL,NULL,'{}');
INSERT INTO eventlog_log VALUES(89,'2016-09-25 16:22:48.132191','LOGIN_ATTEMPTED',NULL,NULL,NULL,'{"username":"pein","result":false}');
INSERT INTO eventlog_log VALUES(90,'2016-09-25 16:23:00.758003','USER_LOGGED_IN',125,NULL,NULL,'{}');
INSERT INTO eventlog_log VALUES(91,'2016-09-25 16:23:03.267942','USER_LOGGED_IN',126,NULL,NULL,'{}');
INSERT INTO eventlog_log VALUES(92,'2016-09-25 16:23:36.002961','USER_LOGGED_IN',110,NULL,NULL,'{}');
INSERT INTO eventlog_log VALUES(93,'2016-09-25 16:23:45.746946','USER_LOGGED_IN',11,NULL,NULL,'{}');
INSERT INTO eventlog_log VALUES(94,'2016-09-25 16:23:46.829753','USER_LOGGED_IN',108,NULL,NULL,'{}');
INSERT INTO eventlog_log VALUES(95,'2016-09-25 16:23:52.398445','LOGIN_ATTEMPTED',NULL,NULL,NULL,'{"username":"ecs3_181","result":false}');
INSERT INTO eventlog_log VALUES(96,'2016-09-25 16:23:54.802255','USER_LOGGED_IN',28,NULL,NULL,'{}');
INSERT INTO eventlog_log VALUES(97,'2016-09-25 16:24:17.858062','LOGIN_ATTEMPTED',NULL,NULL,NULL,'{"username":"lstajner@irb.hr","result":false}');
INSERT INTO eventlog_log VALUES(98,'2016-09-25 16:24:48.998761','USER_LOGGED_IN',98,NULL,NULL,'{}');
INSERT INTO eventlog_log VALUES(99,'2016-09-25 16:24:52.601732','LOGIN_ATTEMPTED',NULL,NULL,NULL,'{"username":"simonpa","result":false}');
INSERT INTO eventlog_log VALUES(100,'2016-09-25 16:24:54.940930','USER_LOGGED_IN',71,NULL,NULL,'{}');
INSERT INTO eventlog_log VALUES(101,'2016-09-25 16:24:56.639941','USER_LOGGED_IN',64,NULL,NULL,'{}');
INSERT INTO eventlog_log VALUES(102,'2016-09-25 16:24:59.756953','USER_LOGGED_IN',77,NULL,NULL,'{}');
INSERT INTO eventlog_log VALUES(103,'2016-09-25 16:25:09.981856','USER_LOGGED_IN',41,NULL,NULL,'{}');
INSERT INTO eventlog_log VALUES(104,'2016-09-25 16:25:18.710918','USER_LOGGED_IN',15,NULL,NULL,'{}');
INSERT INTO eventlog_log VALUES(105,'2016-09-25 16:25:20.251986','USER_LOGGED_IN',74,NULL,NULL,'{}');
INSERT INTO eventlog_log VALUES(106,'2016-09-25 16:25:35.241986','USER_LOGGED_IN',103,NULL,NULL,'{}');
INSERT INTO eventlog_log VALUES(107,'2016-09-25 16:25:36.148850','USER_LOGGED_IN',109,NULL,NULL,'{}');
INSERT INTO eventlog_log VALUES(108,'2016-09-25 16:25:50.489084','USER_LOGGED_IN',83,NULL,NULL,'{}');
INSERT INTO eventlog_log VALUES(109,'2016-09-25 16:26:26.506948','USER_LOGGED_IN',73,NULL,NULL,'{}');
INSERT INTO eventlog_log VALUES(110,'2016-09-25 16:26:49.369062','LOGIN_ATTEMPTED',NULL,NULL,NULL,'{"username":"aleksandramcs3","result":false}');
INSERT INTO eventlog_log VALUES(111,'2016-09-25 16:27:00.235000','USER_LOGGED_IN',10,NULL,NULL,'{}');
INSERT INTO eventlog_log VALUES(112,'2016-09-25 16:27:16.099990','USER_LOGGED_IN',38,NULL,NULL,'{}');
INSERT INTO eventlog_log VALUES(113,'2016-09-25 16:28:02.866932','USER_LOGGED_IN',12,NULL,NULL,'{}');
INSERT INTO eventlog_log VALUES(114,'2016-09-25 16:28:06.184224','USER_LOGGED_IN',72,NULL,NULL,'{}');
INSERT INTO eventlog_log VALUES(115,'2016-09-25 16:28:21.256117','USER_LOGGED_IN',63,NULL,NULL,'{}');
INSERT INTO eventlog_log VALUES(116,'2016-09-25 16:31:18.661190','LOGIN_ATTEMPTED',NULL,NULL,NULL,'{"username":"ecs3","result":false}');
INSERT INTO eventlog_log VALUES(117,'2016-09-25 16:32:27.276315','LOGIN_ATTEMPTED',NULL,NULL,NULL,'{"username":"boivin","result":false}');
INSERT INTO eventlog_log VALUES(118,'2016-09-25 16:32:38.513059','USER_LOGGED_IN',62,NULL,NULL,'{}');
INSERT INTO eventlog_log VALUES(119,'2016-09-25 16:32:44.036103','USER_LOGGED_IN',39,NULL,NULL,'{}');
INSERT INTO eventlog_log VALUES(120,'2016-09-25 16:33:07.268172','USER_LOGGED_IN',97,NULL,NULL,'{}');
INSERT INTO eventlog_log VALUES(121,'2016-09-25 16:33:29.232987','USER_LOGGED_IN',24,NULL,NULL,'{}');
INSERT INTO eventlog_log VALUES(122,'2016-09-25 16:33:37.918980','USER_LOGGED_IN',21,NULL,NULL,'{}');
INSERT INTO eventlog_log VALUES(123,'2016-09-25 16:35:23.901901','USER_LOGGED_IN',84,NULL,NULL,'{}');
INSERT INTO eventlog_log VALUES(124,'2016-09-25 16:36:11.492992','USER_LOGGED_IN',102,NULL,NULL,'{}');
INSERT INTO eventlog_log VALUES(125,'2016-09-25 16:38:40.646153','USER_LOGGED_IN',62,NULL,NULL,'{}');
INSERT INTO eventlog_log VALUES(126,'2016-09-25 16:41:19.687919','USER_LOGGED_IN',62,NULL,NULL,'{}');
INSERT INTO eventlog_log VALUES(127,'2016-09-25 16:41:44.247065','USER_LOGGED_IN',102,NULL,NULL,'{}');
INSERT INTO eventlog_log VALUES(128,'2016-09-25 16:42:14.152987','USER_LOGGED_IN',87,NULL,NULL,'{}');
INSERT INTO eventlog_log VALUES(129,'2016-09-25 16:42:24.696866','USER_LOGGED_IN',62,NULL,NULL,'{}');
INSERT INTO eventlog_log VALUES(130,'2016-09-25 16:42:29.360979','LOGIN_ATTEMPTED',NULL,NULL,NULL,'{"username":"rong.hao@materials.ox.ac.uk","result":false}');
INSERT INTO eventlog_log VALUES(131,'2016-09-25 16:43:19.241154','USER_LOGGED_IN',102,NULL,NULL,'{}');
INSERT INTO eventlog_log VALUES(132,'2016-09-25 16:44:22.066150','USER_LOGGED_IN',100,NULL,NULL,'{}');
INSERT INTO eventlog_log VALUES(133,'2016-09-25 16:46:06.857003','USER_LOGGED_IN',100,NULL,NULL,'{}');
INSERT INTO eventlog_log VALUES(134,'2016-09-25 16:46:12.096701','USER_LOGGED_IN',62,NULL,NULL,'{}');
INSERT INTO eventlog_log VALUES(135,'2016-09-25 16:49:01.917200','USER_LOGGED_IN',100,NULL,NULL,'{}');
INSERT INTO eventlog_log VALUES(136,'2016-09-25 16:51:09.861458','USER_LOGGED_IN',65,NULL,NULL,'{}');
INSERT INTO eventlog_log VALUES(137,'2016-09-25 16:54:54.908735','USER_LOGGED_IN',125,NULL,NULL,'{}');
INSERT INTO eventlog_log VALUES(138,'2016-09-25 16:57:28.632597','USER_LOGGED_IN',85,NULL,NULL,'{}');
INSERT INTO eventlog_log VALUES(139,'2016-09-25 16:57:55.095241','USER_LOGGED_IN',102,NULL,NULL,'{}');
INSERT INTO eventlog_log VALUES(140,'2016-09-25 16:58:06.806598','LOGIN_ATTEMPTED',NULL,NULL,NULL,'{"username":"edit","result":false}');
INSERT INTO eventlog_log VALUES(141,'2016-09-25 16:58:11.123777','USER_LOGGED_IN',125,NULL,NULL,'{}');
INSERT INTO eventlog_log VALUES(142,'2016-09-25 16:58:53.470102','USER_LOGGED_IN',125,NULL,NULL,'{}');
INSERT INTO eventlog_log VALUES(143,'2016-09-25 16:59:19.667038','USER_LOGGED_IN',125,NULL,NULL,'{}');
INSERT INTO eventlog_log VALUES(144,'2016-09-25 17:52:30.848019','USER_LOGGED_IN',126,NULL,NULL,'{}');
INSERT INTO eventlog_log VALUES(145,'2016-09-25 19:42:13.469933','USER_LOGGED_IN',117,NULL,NULL,'{}');
INSERT INTO eventlog_log VALUES(146,'2016-09-25 20:26:55.506994','USER_LOGGED_IN',117,NULL,NULL,'{}');
INSERT INTO eventlog_log VALUES(147,'2016-09-26 07:17:29.209870','USER_LOGGED_IN',80,NULL,NULL,'{}');
INSERT INTO eventlog_log VALUES(148,'2016-09-26 07:44:02.361872','USER_LOGGED_IN',43,NULL,NULL,'{}');
INSERT INTO eventlog_log VALUES(149,'2016-09-26 08:59:10.381394','USER_LOGGED_IN',63,NULL,NULL,'{}');
INSERT INTO eventlog_log VALUES(150,'2016-09-26 09:19:42.596011','USER_LOGGED_IN',63,NULL,NULL,'{}');
INSERT INTO eventlog_log VALUES(151,'2016-09-26 12:19:07.640001','USER_LOGGED_IN',93,NULL,NULL,'{}');
INSERT INTO eventlog_log VALUES(152,'2016-09-26 13:55:38.797958','USER_LOGGED_IN',88,NULL,NULL,'{}');
INSERT INTO eventlog_log VALUES(153,'2016-09-26 15:15:53.222127','USER_LOGGED_IN',63,NULL,NULL,'{}');
INSERT INTO eventlog_log VALUES(154,'2016-09-26 15:17:34.199930','LOGIN_ATTEMPTED',NULL,NULL,NULL,'{"username":"darkov","result":false}');
INSERT INTO eventlog_log VALUES(155,'2016-09-26 15:17:42.701604','LOGIN_ATTEMPTED',NULL,NULL,NULL,'{"username":"darkov","result":false}');
INSERT INTO eventlog_log VALUES(156,'2016-09-26 15:17:58.925119','USER_LOGGED_IN',35,NULL,NULL,'{}');
INSERT INTO eventlog_log VALUES(157,'2016-09-26 20:24:36.856174','USER_LOGGED_IN',39,NULL,NULL,'{}');
INSERT INTO eventlog_log VALUES(158,'2016-09-27 09:39:27.112933','USER_LOGGED_IN',11,NULL,NULL,'{}');
INSERT INTO eventlog_log VALUES(159,'2016-09-27 11:19:57.369966','USER_LOGGED_IN',7,NULL,NULL,'{}');
INSERT INTO eventlog_log VALUES(160,'2016-09-27 12:07:52.398082','USER_LOGGED_IN',125,NULL,NULL,'{}');
INSERT INTO eventlog_log VALUES(161,'2016-09-27 16:31:25.269050','USER_LOGGED_IN',35,NULL,NULL,'{}');
INSERT INTO eventlog_log VALUES(162,'2016-09-27 22:55:35.129995','USER_LOGGED_IN',38,NULL,NULL,'{}');
INSERT INTO eventlog_log VALUES(163,'2016-09-28 09:12:44.753857','USER_LOGGED_IN',74,NULL,NULL,'{}');
INSERT INTO eventlog_log VALUES(164,'2016-09-28 09:32:19.057923','USER_LOGGED_IN',74,NULL,NULL,'{}');
INSERT INTO eventlog_log VALUES(165,'2016-09-28 09:41:55.639978','USER_LOGGED_IN',74,NULL,NULL,'{}');
INSERT INTO eventlog_log VALUES(166,'2016-09-28 10:50:33.357187','LOGIN_ATTEMPTED',NULL,NULL,NULL,'{"username":"abubakard","result":false}');
INSERT INTO eventlog_log VALUES(167,'2016-09-29 03:50:39.339242','LOGIN_ATTEMPTED',NULL,NULL,NULL,'{"username":"abubakard","result":false}');
INSERT INTO eventlog_log VALUES(168,'2016-09-29 03:51:02.546400','LOGIN_ATTEMPTED',NULL,NULL,NULL,'{"username":"abubakard","result":false}');
INSERT INTO eventlog_log VALUES(169,'2016-09-29 03:51:19.850525','LOGIN_ATTEMPTED',NULL,NULL,NULL,'{"username":"abubakard","result":false}');
INSERT INTO eventlog_log VALUES(170,'2016-09-29 03:51:30.654649','LOGIN_ATTEMPTED',NULL,NULL,NULL,'{"username":"abubakar","result":false}');
INSERT INTO eventlog_log VALUES(171,'2016-09-29 03:52:05.132860','LOGIN_ATTEMPTED',NULL,NULL,NULL,'{"username":"abubakard","result":false}');
INSERT INTO eventlog_log VALUES(172,'2016-09-29 03:52:11.714739','LOGIN_ATTEMPTED',NULL,NULL,NULL,'{"username":"abubakard","result":false}');
INSERT INTO eventlog_log VALUES(173,'2016-09-29 07:03:50.618871','USER_LOGGED_IN',63,NULL,NULL,'{}');
INSERT INTO eventlog_log VALUES(174,'2016-09-29 07:49:30.947046','USER_LOGGED_IN',51,NULL,NULL,'{}');
INSERT INTO eventlog_log VALUES(175,'2016-09-29 08:02:33.872128','USER_LOGGED_IN',49,NULL,NULL,'{}');
INSERT INTO eventlog_log VALUES(176,'2016-09-29 09:28:31.583274','USER_LOGGED_IN',121,NULL,NULL,'{}');
INSERT INTO eventlog_log VALUES(177,'2016-09-29 11:19:09.318244','USER_LOGGED_IN',8,NULL,NULL,'{}');
INSERT INTO eventlog_log VALUES(178,'2016-09-29 11:41:25.893930','USER_LOGGED_IN',7,NULL,NULL,'{}');
INSERT INTO eventlog_log VALUES(179,'2016-09-29 13:01:24.781994','USER_LOGGED_IN',121,NULL,NULL,'{}');
INSERT INTO eventlog_log VALUES(180,'2016-09-30 04:15:54.621876','USER_LOGGED_IN',121,NULL,NULL,'{}');
INSERT INTO eventlog_log VALUES(181,'2016-09-30 14:56:00.192650','USER_LOGGED_IN',121,NULL,NULL,'{}');
INSERT INTO eventlog_log VALUES(182,'2016-10-01 06:50:24.676163','USER_LOGGED_IN',7,NULL,NULL,'{}');
INSERT INTO eventlog_log VALUES(183,'2016-10-02 06:23:50.105633','USER_LOGGED_IN',121,NULL,NULL,'{}');
INSERT INTO eventlog_log VALUES(184,'2016-10-02 12:32:17.313330','USER_LOGGED_IN',110,NULL,NULL,'{}');
INSERT INTO eventlog_log VALUES(185,'2016-10-02 20:47:18.458175','USER_LOGGED_IN',69,NULL,NULL,'{}');
INSERT INTO eventlog_log VALUES(186,'2016-10-03 04:15:49.016874','USER_LOGGED_IN',121,NULL,NULL,'{}');
INSERT INTO eventlog_log VALUES(187,'2016-10-03 06:53:19.760884','USER_LOGGED_IN',17,NULL,NULL,'{}');
INSERT INTO eventlog_log VALUES(188,'2016-10-03 09:12:42.463527','LOGIN_ATTEMPTED',NULL,NULL,NULL,'{"username":"zorans","result":false}');
INSERT INTO eventlog_log VALUES(189,'2016-10-03 09:12:46.994072','USER_LOGGED_IN',7,NULL,NULL,'{}');
INSERT INTO eventlog_log VALUES(190,'2016-10-04 12:18:25.819970','USER_LOGGED_IN',110,NULL,NULL,'{}');
INSERT INTO eventlog_log VALUES(191,'2016-10-04 12:46:41.997994','USER_LOGGED_IN',110,NULL,NULL,'{}');
INSERT INTO eventlog_log VALUES(192,'2016-10-04 21:29:57.213293','USER_LOGGED_IN',38,NULL,NULL,'{}');
INSERT INTO eventlog_log VALUES(193,'2016-10-05 08:30:41.985165','USER_LOGGED_IN',110,NULL,NULL,'{}');
INSERT INTO eventlog_log VALUES(194,'2016-10-05 08:43:21.483785','USER_LOGGED_IN',29,NULL,NULL,'{}');
INSERT INTO eventlog_log VALUES(195,'2016-10-05 08:44:04.668233','USER_LOGGED_IN',29,NULL,NULL,'{}');
INSERT INTO eventlog_log VALUES(196,'2016-10-07 16:07:50.116255','LOGIN_ATTEMPTED',NULL,NULL,NULL,'{"username":"dmitriyy","result":false}');
INSERT INTO eventlog_log VALUES(197,'2016-10-07 16:08:02.160330','LOGIN_ATTEMPTED',NULL,NULL,NULL,'{"username":"dmitriyy","result":false}');
INSERT INTO eventlog_log VALUES(198,'2016-10-07 16:08:15.031364','LOGIN_ATTEMPTED',NULL,NULL,NULL,'{"username":"dmitriyy","result":false}');
INSERT INTO eventlog_log VALUES(199,'2016-10-07 16:08:42.358248','USER_LOGGED_IN',36,NULL,NULL,'{}');
INSERT INTO eventlog_log VALUES(200,'2016-10-08 01:07:25.025992','USER_LOGGED_IN',121,NULL,NULL,'{}');
INSERT INTO eventlog_log VALUES(201,'2016-10-08 03:50:37.643864','USER_LOGGED_IN',121,NULL,NULL,'{}');
INSERT INTO eventlog_log VALUES(202,'2016-10-08 04:03:16.468937','USER_LOGGED_IN',121,NULL,NULL,'{}');
INSERT INTO eventlog_log VALUES(203,'2016-10-08 04:06:37.329925','USER_LOGGED_IN',121,NULL,NULL,'{}');
INSERT INTO eventlog_log VALUES(204,'2016-10-11 18:48:20.209584','USER_LOGGED_IN',79,NULL,NULL,'{}');
INSERT INTO eventlog_log VALUES(205,'2016-10-13 14:44:59.983041','USER_LOGGED_IN',7,NULL,NULL,'{}');
INSERT INTO eventlog_log VALUES(206,'2016-10-13 16:32:08.079983','USER_LOGGED_IN',110,NULL,NULL,'{}');
INSERT INTO eventlog_log VALUES(207,'2016-10-17 09:13:28.720280','USER_LOGGED_IN',110,NULL,NULL,'{}');
INSERT INTO eventlog_log VALUES(208,'2016-10-27 15:23:31.137977','USER_LOGGED_IN',7,NULL,NULL,'{}');
INSERT INTO eventlog_log VALUES(209,'2016-11-02 18:14:08.436114','USER_LOGGED_IN',79,NULL,NULL,'{}');
INSERT INTO eventlog_log VALUES(210,'2016-11-14 17:05:17.838202','USER_LOGGED_IN',7,NULL,NULL,'{}');
INSERT INTO eventlog_log VALUES(211,'2016-11-17 16:04:14.731258','USER_LOGGED_IN',79,NULL,NULL,'{}');
INSERT INTO eventlog_log VALUES(212,'2016-12-02 14:24:00.205988','USER_LOGGED_IN',124,NULL,NULL,'{}');
INSERT INTO eventlog_log VALUES(213,'2016-12-02 14:50:53.915273','USER_LOGGED_IN',124,NULL,NULL,'{}');
INSERT INTO eventlog_log VALUES(214,'2016-12-02 16:27:07.433513','USER_LOGGED_IN',NULL,NULL,NULL,'{}');
INSERT INTO eventlog_log VALUES(215,'2016-12-08 14:25:24.513455','USER_LOGGED_IN',124,NULL,NULL,'{}');
INSERT INTO eventlog_log VALUES(216,'2016-12-18 21:23:27.626439','USER_LOGGED_IN',50,NULL,NULL,'{}');
INSERT INTO eventlog_log VALUES(217,'2016-12-18 21:23:31.209634','USER_LOGGED_IN',50,NULL,NULL,'{}');
INSERT INTO eventlog_log VALUES(218,'2017-01-27 10:20:49.746844','USER_LOGGED_IN',1,NULL,NULL,'{}');
INSERT INTO eventlog_log VALUES(219,'2018-09-16 09:05:04.174577','USER_LOGGED_IN',1,NULL,NULL,'{}');
INSERT INTO eventlog_log VALUES(220,'2018-09-16 10:38:52.157584','USER_LOGGED_IN',1,NULL,NULL,'{}');
INSERT INTO eventlog_log VALUES(221,'2018-09-16 10:42:12.508460','USER_LOGGED_IN',7,NULL,NULL,'{}');
INSERT INTO eventlog_log VALUES(222,'2018-09-17 07:19:56.190226','USER_LOGGED_IN',124,NULL,NULL,'{}');
INSERT INTO eventlog_log VALUES(223,'2018-09-17 07:35:27.497212','USER_LOGGED_IN',124,NULL,NULL,'{}');
INSERT INTO eventlog_log VALUES(224,'2018-09-18 07:32:17.213184','USER_LOGGED_IN',7,NULL,NULL,'{}');
INSERT INTO eventlog_log VALUES(225,'2018-09-25 13:11:34.598379','USER_LOGGED_IN',124,NULL,NULL,'{}');
INSERT INTO eventlog_log VALUES(226,'2018-11-15 13:20:39.927748','USER_LOGGED_IN',124,NULL,NULL,'{}');
INSERT INTO eventlog_log VALUES(227,'2019-02-12 11:54:24.367187','USER_LOGGED_IN',124,NULL,NULL,'{}');
INSERT INTO eventlog_log VALUES(228,'2019-07-09 13:07:42.296192','USER_LOGGED_IN',124,NULL,NULL,'{}');
INSERT INTO eventlog_log VALUES(229,'2019-09-11 14:14:15.076213','USER_LOGGED_IN',124,NULL,NULL,'{}');
INSERT INTO eventlog_log VALUES(230,'2019-09-26 08:07:50.880216','USER_LOGGED_IN',1,NULL,NULL,'{}');
INSERT INTO eventlog_log VALUES(231,'2019-09-27 13:04:39.212249','USER_LOGGED_IN',1,NULL,NULL,'{}');
INSERT INTO eventlog_log VALUES(232,'2019-09-30 10:27:14.477740','USER_LOGGED_IN',1,NULL,NULL,'{}');
INSERT INTO eventlog_log VALUES(233,'2019-09-30 13:19:13.548866','USER_LOGGED_IN',1,NULL,NULL,'{}');
INSERT INTO eventlog_log VALUES(234,'2019-10-01 16:42:35.381936','USER_LOGGED_IN',1,NULL,NULL,'{}');
INSERT INTO eventlog_log VALUES(235,'2019-10-02 16:53:19.074979','USER_LOGGED_IN',132,NULL,NULL,'{}');
INSERT INTO eventlog_log VALUES(236,'2019-10-11 12:37:41.303666','USER_LOGGED_IN',134,NULL,NULL,'{}');
INSERT INTO eventlog_log VALUES(237,'2019-10-11 12:37:52.255031','USER_LOGGED_IN',133,NULL,NULL,'{}');
INSERT INTO eventlog_log VALUES(238,'2019-10-11 12:38:00.550672','USER_LOGGED_IN',134,NULL,NULL,'{}');
INSERT INTO eventlog_log VALUES(239,'2019-10-11 13:09:50.899430','USER_LOGGED_IN',1,NULL,NULL,'{}');
INSERT INTO eventlog_log VALUES(240,'2019-10-11 13:11:34.762448','USER_LOGGED_IN',133,NULL,NULL,'{}');
INSERT INTO eventlog_log VALUES(241,'2019-10-11 13:13:53.068676','USER_LOGGED_IN',133,NULL,NULL,'{}');
INSERT INTO eventlog_log VALUES(242,'2019-10-11 13:22:42.703304','USER_LOGGED_IN',133,NULL,NULL,'{}');
INSERT INTO eventlog_log VALUES(243,'2019-10-11 14:41:08.136685','USER_LOGGED_IN',133,NULL,NULL,'{}');
INSERT INTO eventlog_log VALUES(244,'2019-10-12 08:52:21.782042','USER_LOGGED_IN',1,NULL,NULL,'{}');
INSERT INTO eventlog_log VALUES(245,'2019-10-12 16:47:40.681864','USER_LOGGED_IN',1,NULL,NULL,'{}');
INSERT INTO eventlog_log VALUES(246,'2019-10-12 20:59:34.709063','USER_LOGGED_IN',133,NULL,NULL,'{}');
INSERT INTO eventlog_log VALUES(247,'2019-10-13 14:14:18.518819','USER_LOGGED_IN',133,NULL,NULL,'{}');
INSERT INTO eventlog_log VALUES(248,'2019-10-13 14:43:43.458858','LOGIN_ATTEMPTED',NULL,NULL,NULL,'{"username":"mateja","result":false}');
INSERT INTO eventlog_log VALUES(249,'2019-10-13 14:43:51.399592','USER_LOGGED_IN',133,NULL,NULL,'{}');
INSERT INTO eventlog_log VALUES(250,'2019-10-14 03:12:04.795912','USER_LOGGED_IN',133,NULL,NULL,'{}');
INSERT INTO eventlog_log VALUES(251,'2019-10-14 05:37:22.372570','USER_LOGGED_IN',133,NULL,NULL,'{}');
INSERT INTO eventlog_log VALUES(252,'2019-10-14 06:19:34.448793','USER_LOGGED_IN',134,NULL,NULL,'{}');
INSERT INTO eventlog_log VALUES(253,'2019-10-14 07:45:29.990699','USER_LOGGED_IN',133,NULL,NULL,'{}');
INSERT INTO eventlog_log VALUES(254,'2019-10-15 07:31:31.539919','USER_LOGGED_IN',133,NULL,NULL,'{}');
INSERT INTO eventlog_log VALUES(255,'2019-10-15 08:07:12.193490','USER_LOGGED_IN',133,NULL,NULL,'{}');
INSERT INTO eventlog_log VALUES(256,'2019-10-17 05:53:47.313874','USER_LOGGED_IN',133,NULL,NULL,'{}');
INSERT INTO eventlog_log VALUES(257,'2019-10-18 05:33:25.129317','USER_LOGGED_IN',133,NULL,NULL,'{}');
INSERT INTO eventlog_log VALUES(258,'2019-10-18 09:39:54.696406','USER_LOGGED_IN',124,NULL,NULL,'{}');
INSERT INTO eventlog_log VALUES(259,'2019-10-18 20:48:49.507861','USER_LOGGED_IN',124,NULL,NULL,'{}');
INSERT INTO eventlog_log VALUES(260,'2019-10-19 18:55:12.930057','LOGIN_ATTEMPTED',NULL,NULL,NULL,'{"username":"zoran","result":false}');
INSERT INTO eventlog_log VALUES(261,'2019-10-19 18:55:18.821214','USER_LOGGED_IN',1,NULL,NULL,'{}');
INSERT INTO eventlog_log VALUES(262,'2019-10-22 20:40:49.281200','USER_LOGGED_IN',1,NULL,NULL,'{}');
INSERT INTO eventlog_log VALUES(263,'2019-11-30 19:42:25.632928','USER_LOGGED_IN',1,NULL,NULL,'{}');
INSERT INTO eventlog_log VALUES(264,'2020-01-20 11:43:12.256736','LOGIN_ATTEMPTED',NULL,NULL,NULL,'{"username":"zoran","result":false}');
INSERT INTO eventlog_log VALUES(265,'2020-01-20 11:43:16.233462','LOGIN_ATTEMPTED',NULL,NULL,NULL,'{"username":"zoran","result":false}');
INSERT INTO eventlog_log VALUES(266,'2020-01-20 11:43:21.056464','USER_LOGGED_IN',1,NULL,NULL,'{}');
INSERT INTO eventlog_log VALUES(267,'2020-10-02 08:40:35.188844','USER_LOGGED_IN',124,NULL,NULL,'{}');
INSERT INTO eventlog_log VALUES(268,'2020-10-02 08:43:56.345543','USER_LOGGED_IN',135,NULL,NULL,'{}');
INSERT INTO eventlog_log VALUES(269,'2020-10-15 14:58:25.725383','USER_LOGGED_IN',1,NULL,NULL,'{}');
INSERT INTO eventlog_log VALUES(270,'2020-10-15 17:29:27.599537','USER_LOGGED_IN',136,NULL,NULL,'{}');
INSERT INTO eventlog_log VALUES(271,'2020-10-16 08:29:44.254289','USER_LOGGED_IN',137,NULL,NULL,'{}');
INSERT INTO eventlog_log VALUES(272,'2020-10-23 07:43:35.622565','LOGIN_ATTEMPTED',NULL,NULL,NULL,'{"username":"hola.mia/ any would conter artanis going millionaires u<b>p kaelthas natural w:ill stay yellow stolen reason Freundin beware europe double girlfriend xsmass/s! www.cutt.us/LsMwf","result":false}');
INSERT INTO eventlog_log VALUES(273,'2020-10-23 08:03:14.094949','USER_LOGGED_IN',137,NULL,NULL,'{}');
INSERT INTO eventlog_log VALUES(274,'2020-10-23 08:04:50.108022','USER_LOGGED_IN',137,NULL,NULL,'{}');
INSERT INTO eventlog_log VALUES(275,'2020-10-23 08:05:37.625471','USER_LOGGED_IN',137,NULL,NULL,'{}');
INSERT INTO eventlog_log VALUES(276,'2020-10-23 08:07:15.977008','USER_LOGGED_IN',137,NULL,NULL,'{}');
INSERT INTO eventlog_log VALUES(277,'2020-10-23 08:08:40.235224','USER_LOGGED_IN',137,NULL,NULL,'{}');
INSERT INTO eventlog_log VALUES(278,'2020-10-23 08:10:26.094036','USER_LOGGED_IN',137,NULL,NULL,'{}');
INSERT INTO eventlog_log VALUES(279,'2020-10-23 08:17:31.575162','USER_LOGGED_IN',137,NULL,NULL,'{}');
INSERT INTO eventlog_log VALUES(280,'2020-10-23 08:28:37.601542','USER_LOGGED_IN',137,NULL,NULL,'{}');
INSERT INTO eventlog_log VALUES(281,'2020-10-23 08:33:00.157979','USER_LOGGED_IN',137,NULL,NULL,'{}');
INSERT INTO eventlog_log VALUES(282,'2020-10-23 08:33:59.460612','USER_LOGGED_IN',137,NULL,NULL,'{}');
INSERT INTO eventlog_log VALUES(283,'2020-10-23 08:35:38.515641','USER_LOGGED_IN',137,NULL,NULL,'{}');
INSERT INTO eventlog_log VALUES(284,'2020-10-23 08:37:19.836312','USER_LOGGED_IN',137,NULL,NULL,'{}');
INSERT INTO eventlog_log VALUES(285,'2020-10-23 08:38:09.252489','USER_LOGGED_IN',137,NULL,NULL,'{}');
INSERT INTO eventlog_log VALUES(286,'2020-10-23 08:43:16.496248','USER_LOGGED_IN',137,NULL,NULL,'{}');
INSERT INTO eventlog_log VALUES(287,'2020-10-23 08:44:01.920817','USER_LOGGED_IN',137,NULL,NULL,'{}');
INSERT INTO eventlog_log VALUES(288,'2020-10-23 08:44:46.102195','USER_LOGGED_IN',137,NULL,NULL,'{}');
INSERT INTO eventlog_log VALUES(289,'2020-10-23 08:46:56.276335','USER_LOGGED_IN',137,NULL,NULL,'{}');
INSERT INTO eventlog_log VALUES(290,'2020-10-23 08:52:37.139575','USER_LOGGED_IN',137,NULL,NULL,'{}');
INSERT INTO eventlog_log VALUES(291,'2020-10-23 08:56:20.244203','USER_LOGGED_IN',137,NULL,NULL,'{}');
INSERT INTO eventlog_log VALUES(292,'2020-10-23 08:58:55.727690','USER_LOGGED_IN',137,NULL,NULL,'{}');
INSERT INTO eventlog_log VALUES(293,'2020-10-23 08:59:58.839963','USER_LOGGED_IN',137,NULL,NULL,'{}');
INSERT INTO eventlog_log VALUES(294,'2020-10-23 09:00:37.178546','USER_LOGGED_IN',137,NULL,NULL,'{}');
INSERT INTO eventlog_log VALUES(295,'2020-10-23 09:01:15.737978','LOGIN_ATTEMPTED',NULL,NULL,NULL,'{"username":"MirnaM","result":false}');
INSERT INTO eventlog_log VALUES(296,'2020-10-23 09:01:21.314260','USER_LOGGED_IN',137,NULL,NULL,'{}');
INSERT INTO eventlog_log VALUES(297,'2020-10-23 09:02:37.920632','LOGIN_ATTEMPTED',NULL,NULL,NULL,'{"username":"MirnaM","result":false}');
INSERT INTO eventlog_log VALUES(298,'2020-10-23 09:02:42.742300','USER_LOGGED_IN',137,NULL,NULL,'{}');
INSERT INTO eventlog_log VALUES(299,'2020-10-23 09:04:26.448416','USER_LOGGED_IN',137,NULL,NULL,'{}');
INSERT INTO eventlog_log VALUES(300,'2020-10-23 09:05:16.735215','USER_LOGGED_IN',137,NULL,NULL,'{}');
INSERT INTO eventlog_log VALUES(301,'2020-10-23 09:07:42.375530','USER_LOGGED_IN',137,NULL,NULL,'{}');
INSERT INTO eventlog_log VALUES(302,'2020-10-23 09:08:19.457067','USER_LOGGED_IN',137,NULL,NULL,'{}');
INSERT INTO eventlog_log VALUES(303,'2020-10-23 09:09:02.818187','USER_LOGGED_IN',137,NULL,NULL,'{}');
INSERT INTO eventlog_log VALUES(304,'2020-10-23 09:11:46.300166','USER_LOGGED_IN',137,NULL,NULL,'{}');
INSERT INTO eventlog_log VALUES(305,'2020-10-26 12:43:54.155013','USER_LOGGED_IN',136,NULL,NULL,'{}');
INSERT INTO eventlog_log VALUES(306,'2020-10-26 12:54:31.522332','LOGIN_ATTEMPTED',NULL,NULL,NULL,'{"username":"NikolinaP","result":false}');
INSERT INTO eventlog_log VALUES(307,'2020-10-26 12:54:37.766925','USER_LOGGED_IN',136,NULL,NULL,'{}');
INSERT INTO eventlog_log VALUES(308,'2020-10-26 13:02:59.342412','USER_LOGGED_IN',136,NULL,NULL,'{}');
INSERT INTO eventlog_log VALUES(309,'2020-10-26 13:03:21.635056','USER_LOGGED_IN',136,NULL,NULL,'{}');
INSERT INTO eventlog_log VALUES(310,'2020-10-26 13:04:39.627310','USER_LOGGED_IN',136,NULL,NULL,'{}');
INSERT INTO eventlog_log VALUES(311,'2020-10-26 13:06:41.927221','USER_LOGGED_IN',136,NULL,NULL,'{}');
INSERT INTO eventlog_log VALUES(312,'2020-10-26 13:10:06.463029','USER_LOGGED_IN',136,NULL,NULL,'{}');
INSERT INTO eventlog_log VALUES(313,'2020-10-26 13:11:10.170966','USER_LOGGED_IN',136,NULL,NULL,'{}');
INSERT INTO eventlog_log VALUES(314,'2020-10-26 13:11:57.684010','USER_LOGGED_IN',136,NULL,NULL,'{}');
INSERT INTO eventlog_log VALUES(315,'2020-10-26 13:54:52.216968','USER_LOGGED_IN',1,NULL,NULL,'{}');
INSERT INTO eventlog_log VALUES(316,'2020-10-28 22:14:35.070874','USER_LOGGED_IN',135,NULL,NULL,'{}');
INSERT INTO eventlog_log VALUES(317,'2020-11-09 08:52:34.698626','USER_LOGGED_IN',135,NULL,NULL,'{}');
CREATE TABLE IF NOT EXISTS "django_session" ("session_key" varchar(40) NOT NULL PRIMARY KEY, "session_data" text NOT NULL, "expire_date" datetime NOT NULL);
INSERT INTO django_session VALUES('buwghjly4wzcee0ne1j0djk439cftflt','NTkzMmM0MDhiMDY2NWQzYWEyZDIwZjE4Mzc3ZmYyY2M4ZmJjMzQ3ODp7Il9zZXNzaW9uX2V4cGlyeSI6MCwiX2F1dGhfdXNlcl9oYXNoIjoiNThiMzNjNWQ1YzU3ZTJkMjJjODQ5Yzc2YjkyMzliOWU1Y2FhNGQ2MiIsIl9hdXRoX3VzZXJfYmFja2VuZCI6ImFjY291bnQuYXV0aF9iYWNrZW5kcy5Vc2VybmFtZUF1dGhlbnRpY2F0aW9uQmFja2VuZCIsIl9hdXRoX3VzZXJfaWQiOiIxIn0=','2016-09-02 14:24:09.178972');
INSERT INTO django_session VALUES('pji218jjwhn6ugy8hfqufalojwgsbvqr','NTkzMmM0MDhiMDY2NWQzYWEyZDIwZjE4Mzc3ZmYyY2M4ZmJjMzQ3ODp7Il9zZXNzaW9uX2V4cGlyeSI6MCwiX2F1dGhfdXNlcl9oYXNoIjoiNThiMzNjNWQ1YzU3ZTJkMjJjODQ5Yzc2YjkyMzliOWU1Y2FhNGQ2MiIsIl9hdXRoX3VzZXJfYmFja2VuZCI6ImFjY291bnQuYXV0aF9iYWNrZW5kcy5Vc2VybmFtZUF1dGhlbnRpY2F0aW9uQmFja2VuZCIsIl9hdXRoX3VzZXJfaWQiOiIxIn0=','2016-09-06 11:51:56.642731');
INSERT INTO django_session VALUES('tikdc9xggp45s4fmzlro8x8iz2d2a6o1','NTkzMmM0MDhiMDY2NWQzYWEyZDIwZjE4Mzc3ZmYyY2M4ZmJjMzQ3ODp7Il9zZXNzaW9uX2V4cGlyeSI6MCwiX2F1dGhfdXNlcl9oYXNoIjoiNThiMzNjNWQ1YzU3ZTJkMjJjODQ5Yzc2YjkyMzliOWU1Y2FhNGQ2MiIsIl9hdXRoX3VzZXJfYmFja2VuZCI6ImFjY291bnQuYXV0aF9iYWNrZW5kcy5Vc2VybmFtZUF1dGhlbnRpY2F0aW9uQmFja2VuZCIsIl9hdXRoX3VzZXJfaWQiOiIxIn0=','2016-09-06 15:08:02.054751');
INSERT INTO django_session VALUES('t6imod46fkxo4meewkkfjnq20sdm58w2','NTkzMmM0MDhiMDY2NWQzYWEyZDIwZjE4Mzc3ZmYyY2M4ZmJjMzQ3ODp7Il9zZXNzaW9uX2V4cGlyeSI6MCwiX2F1dGhfdXNlcl9oYXNoIjoiNThiMzNjNWQ1YzU3ZTJkMjJjODQ5Yzc2YjkyMzliOWU1Y2FhNGQ2MiIsIl9hdXRoX3VzZXJfYmFja2VuZCI6ImFjY291bnQuYXV0aF9iYWNrZW5kcy5Vc2VybmFtZUF1dGhlbnRpY2F0aW9uQmFja2VuZCIsIl9hdXRoX3VzZXJfaWQiOiIxIn0=','2016-09-06 20:31:52.476323');
INSERT INTO django_session VALUES('a4gymenwzxrfh2bh08ykhihpo69e6wb4','NTkzMmM0MDhiMDY2NWQzYWEyZDIwZjE4Mzc3ZmYyY2M4ZmJjMzQ3ODp7Il9zZXNzaW9uX2V4cGlyeSI6MCwiX2F1dGhfdXNlcl9oYXNoIjoiNThiMzNjNWQ1YzU3ZTJkMjJjODQ5Yzc2YjkyMzliOWU1Y2FhNGQ2MiIsIl9hdXRoX3VzZXJfYmFja2VuZCI6ImFjY291bnQuYXV0aF9iYWNrZW5kcy5Vc2VybmFtZUF1dGhlbnRpY2F0aW9uQmFja2VuZCIsIl9hdXRoX3VzZXJfaWQiOiIxIn0=','2016-09-06 20:49:46.860341');
INSERT INTO django_session VALUES('vcdo7kitc4jxthqgm4zh0nw14r70y3zy','NTkzMmM0MDhiMDY2NWQzYWEyZDIwZjE4Mzc3ZmYyY2M4ZmJjMzQ3ODp7Il9zZXNzaW9uX2V4cGlyeSI6MCwiX2F1dGhfdXNlcl9oYXNoIjoiNThiMzNjNWQ1YzU3ZTJkMjJjODQ5Yzc2YjkyMzliOWU1Y2FhNGQ2MiIsIl9hdXRoX3VzZXJfYmFja2VuZCI6ImFjY291bnQuYXV0aF9iYWNrZW5kcy5Vc2VybmFtZUF1dGhlbnRpY2F0aW9uQmFja2VuZCIsIl9hdXRoX3VzZXJfaWQiOiIxIn0=','2016-09-07 07:57:35.123177');
INSERT INTO django_session VALUES('9k5zygvr59kxdh3qrm0yvcxtu3wlxkzf','NTkzMmM0MDhiMDY2NWQzYWEyZDIwZjE4Mzc3ZmYyY2M4ZmJjMzQ3ODp7Il9zZXNzaW9uX2V4cGlyeSI6MCwiX2F1dGhfdXNlcl9oYXNoIjoiNThiMzNjNWQ1YzU3ZTJkMjJjODQ5Yzc2YjkyMzliOWU1Y2FhNGQ2MiIsIl9hdXRoX3VzZXJfYmFja2VuZCI6ImFjY291bnQuYXV0aF9iYWNrZW5kcy5Vc2VybmFtZUF1dGhlbnRpY2F0aW9uQmFja2VuZCIsIl9hdXRoX3VzZXJfaWQiOiIxIn0=','2016-09-08 11:59:55.309738');
INSERT INTO django_session VALUES('bpz1lh1kxxpj8cx5t04aknmure7vo265','NTkzMmM0MDhiMDY2NWQzYWEyZDIwZjE4Mzc3ZmYyY2M4ZmJjMzQ3ODp7Il9zZXNzaW9uX2V4cGlyeSI6MCwiX2F1dGhfdXNlcl9oYXNoIjoiNThiMzNjNWQ1YzU3ZTJkMjJjODQ5Yzc2YjkyMzliOWU1Y2FhNGQ2MiIsIl9hdXRoX3VzZXJfYmFja2VuZCI6ImFjY291bnQuYXV0aF9iYWNrZW5kcy5Vc2VybmFtZUF1dGhlbnRpY2F0aW9uQmFja2VuZCIsIl9hdXRoX3VzZXJfaWQiOiIxIn0=','2016-09-08 21:38:56.845189');
INSERT INTO django_session VALUES('yfzwvwuvm5ro1g6w5040yy927dc18cc4','NTkzMmM0MDhiMDY2NWQzYWEyZDIwZjE4Mzc3ZmYyY2M4ZmJjMzQ3ODp7Il9zZXNzaW9uX2V4cGlyeSI6MCwiX2F1dGhfdXNlcl9oYXNoIjoiNThiMzNjNWQ1YzU3ZTJkMjJjODQ5Yzc2YjkyMzliOWU1Y2FhNGQ2MiIsIl9hdXRoX3VzZXJfYmFja2VuZCI6ImFjY291bnQuYXV0aF9iYWNrZW5kcy5Vc2VybmFtZUF1dGhlbnRpY2F0aW9uQmFja2VuZCIsIl9hdXRoX3VzZXJfaWQiOiIxIn0=','2016-09-12 19:09:28.064742');
INSERT INTO django_session VALUES('q15jqwdhggdpw6j7s2idds4n8eg14z9s','NTkzMmM0MDhiMDY2NWQzYWEyZDIwZjE4Mzc3ZmYyY2M4ZmJjMzQ3ODp7Il9zZXNzaW9uX2V4cGlyeSI6MCwiX2F1dGhfdXNlcl9oYXNoIjoiNThiMzNjNWQ1YzU3ZTJkMjJjODQ5Yzc2YjkyMzliOWU1Y2FhNGQ2MiIsIl9hdXRoX3VzZXJfYmFja2VuZCI6ImFjY291bnQuYXV0aF9iYWNrZW5kcy5Vc2VybmFtZUF1dGhlbnRpY2F0aW9uQmFja2VuZCIsIl9hdXRoX3VzZXJfaWQiOiIxIn0=','2016-09-17 13:56:57.780982');
INSERT INTO django_session VALUES('eu7bqlzd9bi6l2mymkzf6lz7xgx7yvd4','NTkzMmM0MDhiMDY2NWQzYWEyZDIwZjE4Mzc3ZmYyY2M4ZmJjMzQ3ODp7Il9zZXNzaW9uX2V4cGlyeSI6MCwiX2F1dGhfdXNlcl9oYXNoIjoiNThiMzNjNWQ1YzU3ZTJkMjJjODQ5Yzc2YjkyMzliOWU1Y2FhNGQ2MiIsIl9hdXRoX3VzZXJfYmFja2VuZCI6ImFjY291bnQuYXV0aF9iYWNrZW5kcy5Vc2VybmFtZUF1dGhlbnRpY2F0aW9uQmFja2VuZCIsIl9hdXRoX3VzZXJfaWQiOiIxIn0=','2016-09-19 10:54:10.501585');
INSERT INTO django_session VALUES('p88v0s18kh26ezma4e2u4yd0tw464ij0','NTkzMmM0MDhiMDY2NWQzYWEyZDIwZjE4Mzc3ZmYyY2M4ZmJjMzQ3ODp7Il9zZXNzaW9uX2V4cGlyeSI6MCwiX2F1dGhfdXNlcl9oYXNoIjoiNThiMzNjNWQ1YzU3ZTJkMjJjODQ5Yzc2YjkyMzliOWU1Y2FhNGQ2MiIsIl9hdXRoX3VzZXJfYmFja2VuZCI6ImFjY291bnQuYXV0aF9iYWNrZW5kcy5Vc2VybmFtZUF1dGhlbnRpY2F0aW9uQmFja2VuZCIsIl9hdXRoX3VzZXJfaWQiOiIxIn0=','2016-09-21 08:04:34.015478');
INSERT INTO django_session VALUES('zgiqfe7ojvjc5691dq0od941uimhjc6r','NTkzMmM0MDhiMDY2NWQzYWEyZDIwZjE4Mzc3ZmYyY2M4ZmJjMzQ3ODp7Il9zZXNzaW9uX2V4cGlyeSI6MCwiX2F1dGhfdXNlcl9oYXNoIjoiNThiMzNjNWQ1YzU3ZTJkMjJjODQ5Yzc2YjkyMzliOWU1Y2FhNGQ2MiIsIl9hdXRoX3VzZXJfYmFja2VuZCI6ImFjY291bnQuYXV0aF9iYWNrZW5kcy5Vc2VybmFtZUF1dGhlbnRpY2F0aW9uQmFja2VuZCIsIl9hdXRoX3VzZXJfaWQiOiIxIn0=','2016-09-30 09:44:57.588284');
INSERT INTO django_session VALUES('ta9o45rselx70ufraw3qde6lvp780oys','NTkzMmM0MDhiMDY2NWQzYWEyZDIwZjE4Mzc3ZmYyY2M4ZmJjMzQ3ODp7Il9zZXNzaW9uX2V4cGlyeSI6MCwiX2F1dGhfdXNlcl9oYXNoIjoiNThiMzNjNWQ1YzU3ZTJkMjJjODQ5Yzc2YjkyMzliOWU1Y2FhNGQ2MiIsIl9hdXRoX3VzZXJfYmFja2VuZCI6ImFjY291bnQuYXV0aF9iYWNrZW5kcy5Vc2VybmFtZUF1dGhlbnRpY2F0aW9uQmFja2VuZCIsIl9hdXRoX3VzZXJfaWQiOiIxIn0=','2016-10-01 08:58:28.585988');
INSERT INTO django_session VALUES('j1dtqwyheacjt7xkj8272zr7y9mdg1hp','YmI0MzhmOWFlMjRjMjc2OWExOTE3NWRiM2M0MjlhMDAwMGU2MmM2Yzp7Il9zZXNzaW9uX2V4cGlyeSI6MCwiX2F1dGhfdXNlcl9oYXNoIjoiMDkyYjFiYzM3YmRhN2E2OGFjNTkwZjljOTE5NDg5NDU0ZTcxN2JlNCIsIl9hdXRoX3VzZXJfYmFja2VuZCI6ImFjY291bnQuYXV0aF9iYWNrZW5kcy5Vc2VybmFtZUF1dGhlbnRpY2F0aW9uQmFja2VuZCIsIl9hdXRoX3VzZXJfaWQiOiI0In0=','2016-10-01 19:00:41.448254');
INSERT INTO django_session VALUES('iiif66fmojkpojerv6qe0pn7hygwpj4x','M2FmNjZmZDg1NzliMDE5YjlmMTEwYTg0MDhjMGMxNGYzOTdmOWJjMzp7Il9zZXNzaW9uX2V4cGlyeSI6MCwiX2F1dGhfdXNlcl9oYXNoIjoiMTE4YjA5MmQ5YTZlMzJiMzQ4NDJhNzBmYjdkNzQ0YTc2MWRmM2U0NCIsIl9hdXRoX3VzZXJfYmFja2VuZCI6ImFjY291bnQuYXV0aF9iYWNrZW5kcy5Vc2VybmFtZUF1dGhlbnRpY2F0aW9uQmFja2VuZCIsIl9hdXRoX3VzZXJfaWQiOiIxIn0=','2016-10-02 17:28:41.878466');
INSERT INTO django_session VALUES('uod0aizb1e0e4b30zr00swigp3qj4uys','M2FmNjZmZDg1NzliMDE5YjlmMTEwYTg0MDhjMGMxNGYzOTdmOWJjMzp7Il9zZXNzaW9uX2V4cGlyeSI6MCwiX2F1dGhfdXNlcl9oYXNoIjoiMTE4YjA5MmQ5YTZlMzJiMzQ4NDJhNzBmYjdkNzQ0YTc2MWRmM2U0NCIsIl9hdXRoX3VzZXJfYmFja2VuZCI6ImFjY291bnQuYXV0aF9iYWNrZW5kcy5Vc2VybmFtZUF1dGhlbnRpY2F0aW9uQmFja2VuZCIsIl9hdXRoX3VzZXJfaWQiOiIxIn0=','2016-10-03 09:09:48.799796');
INSERT INTO django_session VALUES('e5ivfq6wa1h3bh0ywy3d1jkl9p2sk3ws','M2FmNjZmZDg1NzliMDE5YjlmMTEwYTg0MDhjMGMxNGYzOTdmOWJjMzp7Il9zZXNzaW9uX2V4cGlyeSI6MCwiX2F1dGhfdXNlcl9oYXNoIjoiMTE4YjA5MmQ5YTZlMzJiMzQ4NDJhNzBmYjdkNzQ0YTc2MWRmM2U0NCIsIl9hdXRoX3VzZXJfYmFja2VuZCI6ImFjY291bnQuYXV0aF9iYWNrZW5kcy5Vc2VybmFtZUF1dGhlbnRpY2F0aW9uQmFja2VuZCIsIl9hdXRoX3VzZXJfaWQiOiIxIn0=','2016-10-04 11:53:36.083186');
INSERT INTO django_session VALUES('w23g7hq770sb95zi5dyg9kx0kieazrsk','NzEzNmRhYTliZDJhMGYyNjRhYjFkYjk3Y2U5NzExN2Y3NGVkOTg5MDp7Il9zZXNzaW9uX2V4cGlyeSI6MCwiX2F1dGhfdXNlcl9oYXNoIjoiN2IzNzMyMzRmZjdmNDFiODkxMjQwOWRlMjU5OTRlNjFiMTg3OWI1YyIsIl9hdXRoX3VzZXJfYmFja2VuZCI6ImFjY291bnQuYXV0aF9iYWNrZW5kcy5Vc2VybmFtZUF1dGhlbnRpY2F0aW9uQmFja2VuZCIsIl9hdXRoX3VzZXJfaWQiOiIyNSJ9','2016-10-09 16:10:41.974367');
INSERT INTO django_session VALUES('x9o18bri3brin6gmfi49q8qoomjfutfu','NTEzMTQ3NTBhZTYyYzg1NGI5OWY2N2E2MDljNjYzZGJmY2QxOGQ3ODp7Il9zZXNzaW9uX2V4cGlyeSI6MCwiX2F1dGhfdXNlcl9oYXNoIjoiMGRkMmJiYWEyYzM3ZmEyODMyMWFiNTE4YmIwMTU1NjRkNmUxYjAxMSIsIl9hdXRoX3VzZXJfYmFja2VuZCI6ImFjY291bnQuYXV0aF9iYWNrZW5kcy5Vc2VybmFtZUF1dGhlbnRpY2F0aW9uQmFja2VuZCIsIl9hdXRoX3VzZXJfaWQiOiI4MCJ9','2016-10-09 16:11:08.985231');
INSERT INTO django_session VALUES('9exycvs9wj9ruemktpb2bs11y3lz15yv','Yjk1Yzc2MDBkYjk2NTk5MTFlZDJiZmRjNDI0ZGVkMzRlMzM5MDMyYjp7Il9zZXNzaW9uX2V4cGlyeSI6MCwiX2F1dGhfdXNlcl9oYXNoIjoiMzg5ZjA4MDY4ODY0ZTQyMWIwODA5OGY2ZjVjYzBhNWY0YWNiNzdiNSIsIl9hdXRoX3VzZXJfYmFja2VuZCI6ImFjY291bnQuYXV0aF9iYWNrZW5kcy5Vc2VybmFtZUF1dGhlbnRpY2F0aW9uQmFja2VuZCIsIl9hdXRoX3VzZXJfaWQiOiIzNSJ9','2016-10-09 16:11:17.308619');
INSERT INTO django_session VALUES('7qjp0bixs22g6bpsia1pg9qfr8nzowim','NmUxYzM3MTBlMzEyMWY4Y2Y3OWRhZmQ0MjBjNzk4ZWI5YTA4YTQ5ZDp7Il9zZXNzaW9uX2V4cGlyeSI6MCwiX2F1dGhfdXNlcl9oYXNoIjoiOTA1YjdiZWZmMjk5MjQ1MTM0ODNiZGVkNGMzMjViNzg3OGI3NTkyMiIsIl9hdXRoX3VzZXJfYmFja2VuZCI6ImFjY291bnQuYXV0aF9iYWNrZW5kcy5Vc2VybmFtZUF1dGhlbnRpY2F0aW9uQmFja2VuZCIsIl9hdXRoX3VzZXJfaWQiOiIxMDMifQ==','2016-10-09 16:11:22.719551');
INSERT INTO django_session VALUES('5ie4jdh0wuwfky4e0x98nr7z7z4zkg7i','OTUzNGUxZmQ0OTU0YmY5ODEwOGJkZmFkYWUxNjE1NGIwZTEyMDE0Mjp7Il9zZXNzaW9uX2V4cGlyeSI6MzE1MzYwMDAwLCJfYXV0aF91c2VyX2hhc2giOiJjMGM5ODdiNmVhNWZjNTMwMWU5N2U2NDhmYTUzZDVhNGRjZjEyMWQ0IiwiX2F1dGhfdXNlcl9iYWNrZW5kIjoiYWNjb3VudC5hdXRoX2JhY2tlbmRzLlVzZXJuYW1lQXV0aGVudGljYXRpb25CYWNrZW5kIiwiX2F1dGhfdXNlcl9pZCI6IjMzIn0=','2026-09-23 16:11:25.290289');
INSERT INTO django_session VALUES('70bdldz3r4soffopy69zj2thx0eywfeu','ZjJlNDg3OGY5MzgzZGMyNDIwYzUyMzJlNzZiNDMxYjZmOGYyMzBhNjp7Il9zZXNzaW9uX2V4cGlyeSI6MCwiX2F1dGhfdXNlcl9oYXNoIjoiZGNlYmMyNGY1YWRjYmU0M2QyOWMyMDVmZjI3ZTY4MjA5NjQ4ZGY3ZiIsIl9hdXRoX3VzZXJfYmFja2VuZCI6ImFjY291bnQuYXV0aF9iYWNrZW5kcy5Vc2VybmFtZUF1dGhlbnRpY2F0aW9uQmFja2VuZCIsIl9hdXRoX3VzZXJfaWQiOiI5MCJ9','2016-10-09 16:11:51.674310');
INSERT INTO django_session VALUES('ovuz2bt6sm0g7lphtbo30fsf8y0qhgvn','YjNlYzVhOTVkOWQ2YWJkYmEwMDhmYzE1YjE3YjM3Nzg2ODgwZWQzZDp7Il9zZXNzaW9uX2V4cGlyeSI6MCwiX2F1dGhfdXNlcl9oYXNoIjoiN2U5NzI1ZmVlMDAyMTBlMDAzNzhlNDA4YWYxMDI5MDlhZmM5NmRlMSIsIl9hdXRoX3VzZXJfYmFja2VuZCI6ImFjY291bnQuYXV0aF9iYWNrZW5kcy5Vc2VybmFtZUF1dGhlbnRpY2F0aW9uQmFja2VuZCIsIl9hdXRoX3VzZXJfaWQiOiIxMjEifQ==','2016-10-09 16:12:37.806442');
INSERT INTO django_session VALUES('jhkp57w37dx1zhk6y7m9a7qvx8z4iiyp','MjM2ZDUwMTJhYzQ3MzQ4NDQxZjYzZmQ4YjFhZjFhMWFhMzVjYjk1Yjp7Il9zZXNzaW9uX2V4cGlyeSI6MzE1MzYwMDAwLCJfYXV0aF91c2VyX2hhc2giOiI2YmM3Y2ZiNzg3ZjMwZGI5MWI0MTM5NDU1MmYwYTVmOTY2OGQ2NDNhIiwiX2F1dGhfdXNlcl9iYWNrZW5kIjoiYWNjb3VudC5hdXRoX2JhY2tlbmRzLlVzZXJuYW1lQXV0aGVudGljYXRpb25CYWNrZW5kIiwiX2F1dGhfdXNlcl9pZCI6Ijg5In0=','2026-09-23 16:13:38.133654');
INSERT INTO django_session VALUES('t1j32i4vsivtycqzb3i7i1setfh9ogta','MGExMDc5OTQ4NWIwMmE5MmJiYjEzODFhODI2N2EyZWExZWE0Yjk2Njp7Il9zZXNzaW9uX2V4cGlyeSI6MCwiX2F1dGhfdXNlcl9oYXNoIjoiOTQzMTg4YjNmNDc4MDIyNDZmNTEwMzc1ZDljYTNiNjhhNjhjOTY3MCIsIl9hdXRoX3VzZXJfYmFja2VuZCI6ImFjY291bnQuYXV0aF9iYWNrZW5kcy5Vc2VybmFtZUF1dGhlbnRpY2F0aW9uQmFja2VuZCIsIl9hdXRoX3VzZXJfaWQiOiI4NyJ9','2016-10-09 16:15:20.065315');
INSERT INTO django_session VALUES('ktpl6kse53ct13o675x6eu23amx5eyv7','Y2E5ZWRkZGM0ZGRjYzk2ODZmMTc3OThkODFlMTU2MTZlOGMyMWU4Yjp7Il9zZXNzaW9uX2V4cGlyeSI6MCwiX2F1dGhfdXNlcl9oYXNoIjoiMjU5ZDkyNWJhN2RhMmEzMTlhNWQ2YzUwNTRhOGI4YmE1ZDU5YjRmNiIsIl9hdXRoX3VzZXJfYmFja2VuZCI6ImFjY291bnQuYXV0aF9iYWNrZW5kcy5Vc2VybmFtZUF1dGhlbnRpY2F0aW9uQmFja2VuZCIsIl9hdXRoX3VzZXJfaWQiOiI0OSJ9','2016-10-09 16:15:57.529406');
INSERT INTO django_session VALUES('90a0s2xd7y6ij2vwlro8mvj0138tfljq','MDY2NmRlNWNlMWQyYjNhYTQ5MTg5YThmMDczMDBhMjVmNjM2OTc5Yzp7Il9zZXNzaW9uX2V4cGlyeSI6MzE1MzYwMDAwLCJfYXV0aF91c2VyX2hhc2giOiJlMWM1NWI4ZWY1MzZlYTFiNzVkYTM3ZDg3ZjgwN2QxYjc2NzEzMmM5IiwiX2F1dGhfdXNlcl9iYWNrZW5kIjoiYWNjb3VudC5hdXRoX2JhY2tlbmRzLlVzZXJuYW1lQXV0aGVudGljYXRpb25CYWNrZW5kIiwiX2F1dGhfdXNlcl9pZCI6IjE3In0=','2026-09-23 16:15:57.566440');
INSERT INTO django_session VALUES('j6hu5abi3hesev6yndpz9p6vi91zqjvv','MzM2Y2JlMzIxM2RkN2I4NThhNTA1ODQ1ZTg2ZDBkNDRmNzFiMzFmZjp7Il9zZXNzaW9uX2V4cGlyeSI6MzE1MzYwMDAwLCJfYXV0aF91c2VyX2hhc2giOiI0YzRmZDQ1YjYxZDdjNjZlNjA0MGI0M2Y4OWYzZWRiZTMzMGJkZGNhIiwiX2F1dGhfdXNlcl9iYWNrZW5kIjoiYWNjb3VudC5hdXRoX2JhY2tlbmRzLlVzZXJuYW1lQXV0aGVudGljYXRpb25CYWNrZW5kIiwiX2F1dGhfdXNlcl9pZCI6IjIzIn0=','2026-09-23 16:15:57.604394');
INSERT INTO django_session VALUES('6nawnzwy84y9sohzwy84o8r4eek8liy5','ZjNmZWNhYjExY2NhYjk5ZjU0ZjdlZWUwYjE4NWQ4YjFlYmM4YzA3Yjp7Il9zZXNzaW9uX2V4cGlyeSI6MCwiX2F1dGhfdXNlcl9oYXNoIjoiOGZjOTcwOTM0YWMyZmQ4OTU0YjViODc0NWJkZWU0YjQ0NWUwYzJjZiIsIl9hdXRoX3VzZXJfYmFja2VuZCI6ImFjY291bnQuYXV0aF9iYWNrZW5kcy5Vc2VybmFtZUF1dGhlbnRpY2F0aW9uQmFja2VuZCIsIl9hdXRoX3VzZXJfaWQiOiIxMDYifQ==','2016-10-09 16:17:51.376237');
INSERT INTO django_session VALUES('2o7vvzuhfgxikpjg80h7vfxdbcaxioxr','YTA1NzMyNWIzNWQzYjYyZjI5MjVhMDcyYzFlY2VmZWE1YmIxOThmYzp7Il9zZXNzaW9uX2V4cGlyeSI6MCwiX2F1dGhfdXNlcl9oYXNoIjoiMWExYjUwZDE0MDdjNjgxNjEyYjljNjYwMmQ5NDM5NmYyMWExMjM1MCIsIl9hdXRoX3VzZXJfYmFja2VuZCI6ImFjY291bnQuYXV0aF9iYWNrZW5kcy5Vc2VybmFtZUF1dGhlbnRpY2F0aW9uQmFja2VuZCIsIl9hdXRoX3VzZXJfaWQiOiI3OSJ9','2016-10-09 16:18:59.648278');
INSERT INTO django_session VALUES('jqrm2d1z8f0b8khq6gto0pmqavccus81','NTk0Y2FjM2ExNTc4ODEyMjA4MjcxMWRjMzU0ZDA5ZjdkNGE0ZTg4OTp7Il9zZXNzaW9uX2V4cGlyeSI6MCwiX2F1dGhfdXNlcl9oYXNoIjoiODdlOGM1YmEyZGJlYTkxMjA2NDkzYjFiN2QwOWRjODQwMzA0YTgxOSIsIl9hdXRoX3VzZXJfYmFja2VuZCI6ImFjY291bnQuYXV0aF9iYWNrZW5kcy5Vc2VybmFtZUF1dGhlbnRpY2F0aW9uQmFja2VuZCIsIl9hdXRoX3VzZXJfaWQiOiI5MSJ9','2016-10-09 16:19:04.753269');
INSERT INTO django_session VALUES('w7d36hwhi4k1xog4qibrir16ck0g8ee1','MzY5OGIzMTY4ZDNlYjZmMWZiZjZkMmFhZGIyY2UzYThkY2Q4N2U4Yzp7Il9zZXNzaW9uX2V4cGlyeSI6MzE1MzYwMDAwLCJfYXV0aF91c2VyX2hhc2giOiI4MTM0YzYxNDRhZWZlYTBhZDRjNjc4ZjY3NGMxMzk1OGM2NGU0ZjY0IiwiX2F1dGhfdXNlcl9iYWNrZW5kIjoiYWNjb3VudC5hdXRoX2JhY2tlbmRzLlVzZXJuYW1lQXV0aGVudGljYXRpb25CYWNrZW5kIiwiX2F1dGhfdXNlcl9pZCI6IjkyIn0=','2026-09-23 16:20:04.558917');
INSERT INTO django_session VALUES('axcx1h38dmcfdo0hav86vkkolbc0qzw4','ZjUzOTlmMDVlMjk1Nzk5OTM1OTA0NGU3NzhmYmFhOGY5ZjA4YmIzOTp7Il9zZXNzaW9uX2V4cGlyeSI6MzE1MzYwMDAwLCJfYXV0aF91c2VyX2hhc2giOiJlOTU1NDk5YmI5YTYwNjAwZjlhMGMwMmZmYWMyMWU1YmEwOTAwYTc4IiwiX2F1dGhfdXNlcl9iYWNrZW5kIjoiYWNjb3VudC5hdXRoX2JhY2tlbmRzLlVzZXJuYW1lQXV0aGVudGljYXRpb25CYWNrZW5kIiwiX2F1dGhfdXNlcl9pZCI6IjU5In0=','2026-09-23 16:20:08.139327');
INSERT INTO django_session VALUES('sxmm1go7gx4oxozkh0nvxqdj2ahtevqy','NjQ3YzQwYzgxNmY0Y2RlOWQxODkxY2IxMWQ2NmU4YWI2ZjNhYzhiYzp7Il9zZXNzaW9uX2V4cGlyeSI6MCwiX2F1dGhfdXNlcl9oYXNoIjoiNDVlYzFkNWRkOTIxYzdkZjBmZDFlOGJmNzQwZTQ0YzM3NzIwNmMzZSIsIl9hdXRoX3VzZXJfYmFja2VuZCI6ImFjY291bnQuYXV0aF9iYWNrZW5kcy5Vc2VybmFtZUF1dGhlbnRpY2F0aW9uQmFja2VuZCIsIl9hdXRoX3VzZXJfaWQiOiI3In0=','2016-10-09 16:20:15.924409');
INSERT INTO django_session VALUES('08iy3k1g32xh03uk3k7e4jne1zt7voax','Zjg4Y2Q0ZjhkZTNmZTI1MzMwM2RmNGQ5MzBiZGRmMjU2Njc2NmFjNTp7Il9zZXNzaW9uX2V4cGlyeSI6MCwiX2F1dGhfdXNlcl9oYXNoIjoiY2IxM2Y1Mjg0YTRjMGZiYjY1Y2I1NGQ1ODg0ZWIyZDFiNDE2OGE2NiIsIl9hdXRoX3VzZXJfYmFja2VuZCI6ImFjY291bnQuYXV0aF9iYWNrZW5kcy5Vc2VybmFtZUF1dGhlbnRpY2F0aW9uQmFja2VuZCIsIl9hdXRoX3VzZXJfaWQiOiI2OSJ9','2016-10-09 16:20:33.005739');
INSERT INTO django_session VALUES('9pj12m6mlj0tgpecqle5rkv3a59rzrtw','ZDg4ZGY1OTAwYzc0NDdmYTcwMWZmMDA4ZTQxM2Q2MGVjYzM0ZDQ1Nzp7Il9zZXNzaW9uX2V4cGlyeSI6MCwiX2F1dGhfdXNlcl9oYXNoIjoiNDc1OTYzNmI4YzMzZWJiNGNhMzBkM2FiMTk0MjhjNzQwZWRjZmU5NiIsIl9hdXRoX3VzZXJfYmFja2VuZCI6ImFjY291bnQuYXV0aF9iYWNrZW5kcy5Vc2VybmFtZUF1dGhlbnRpY2F0aW9uQmFja2VuZCIsIl9hdXRoX3VzZXJfaWQiOiI3MCJ9','2016-10-09 16:21:29.594559');
INSERT INTO django_session VALUES('33f9px2xk0uzj32nvh5upx24nhgkf705','ODhjMWYzNWI5YTE5ODdkZDdmMDY4ZWY5YzZlYjgyYTg2YmZhNmFhMTp7Il9zZXNzaW9uX2V4cGlyeSI6MCwiX2F1dGhfdXNlcl9oYXNoIjoiNjMxNzEyMDhlNDUzNWIyYzJiYmY4Zjg1NDVhMTUxZTEwZjcwZmVjNyIsIl9hdXRoX3VzZXJfYmFja2VuZCI6ImFjY291bnQuYXV0aF9iYWNrZW5kcy5Vc2VybmFtZUF1dGhlbnRpY2F0aW9uQmFja2VuZCIsIl9hdXRoX3VzZXJfaWQiOiIzNiJ9','2016-10-09 16:21:48.547412');
INSERT INTO django_session VALUES('ysnetjvpun66wgknfjm8qg0ixbfy3tzx','MDUxZmU4ZWE2MjhlZGQ0NDBiZWI5MzQ3Y2E4YmNiZWM1MDgzMDZjNzp7Il9zZXNzaW9uX2V4cGlyeSI6MCwiX2F1dGhfdXNlcl9oYXNoIjoiZTNjZjI0MDE0MzU0YTU1YjA5OGI5MzhlNGVmODk1ZjEyNzk0NTgzNCIsIl9hdXRoX3VzZXJfYmFja2VuZCI6ImFjY291bnQuYXV0aF9iYWNrZW5kcy5Vc2VybmFtZUF1dGhlbnRpY2F0aW9uQmFja2VuZCIsIl9hdXRoX3VzZXJfaWQiOiIzNyJ9','2016-10-09 16:22:43.665502');
INSERT INTO django_session VALUES('nb5l5rqmqls9jrdwluwckntmxl2uktfs','NjE4YjZlN2Q2OGNkNTA3NGEzNTg0YzU3MjYwODIxOWRkZjFjMGExODp7Il9zZXNzaW9uX2V4cGlyeSI6MzE1MzYwMDAwLCJfYXV0aF91c2VyX2hhc2giOiI4YzA4ZjMzNDE3YTBlNDBmZmRhYWEwM2U1ZDlmZjliYzdiY2YyZGMzIiwiX2F1dGhfdXNlcl9iYWNrZW5kIjoiYWNjb3VudC5hdXRoX2JhY2tlbmRzLlVzZXJuYW1lQXV0aGVudGljYXRpb25CYWNrZW5kIiwiX2F1dGhfdXNlcl9pZCI6Ijk2In0=','2026-09-23 16:22:45.521361');
INSERT INTO django_session VALUES('wlp0ukfucc5y5ekcoylhgspasioeprvw','NTc2MGI2YTg0NGU2NGY0ZTMwYmMzZDBjYTM3ZDg4NjUzMTJlNWNjODp7Il9zZXNzaW9uX2V4cGlyeSI6MCwiX2F1dGhfdXNlcl9oYXNoIjoiZGFmNDkyYWQzZjU0NmQ5YzJjY2JmNWFiYTMxZTM4NjhmYjZkZGQ2MiIsIl9hdXRoX3VzZXJfYmFja2VuZCI6ImFjY291bnQuYXV0aF9iYWNrZW5kcy5Vc2VybmFtZUF1dGhlbnRpY2F0aW9uQmFja2VuZCIsIl9hdXRoX3VzZXJfaWQiOiIxMjYifQ==','2016-10-09 16:23:03.272427');
INSERT INTO django_session VALUES('8jxd4e2p4bdxzskdd3j9sruzemrdz7sr','NDBjMTNkN2UxMmRkODY3NmFiNjZmMDk3ODI1MjE4NWE4MGI1NDRlNjp7Il9zZXNzaW9uX2V4cGlyeSI6MCwiX2F1dGhfdXNlcl9oYXNoIjoiYmZhMWNiOWYzODU4Mzc1N2VhZWQzNjM2NTFkN2Q5ZTU5Y2M4M2RiYSIsIl9hdXRoX3VzZXJfYmFja2VuZCI6ImFjY291bnQuYXV0aF9iYWNrZW5kcy5Vc2VybmFtZUF1dGhlbnRpY2F0aW9uQmFja2VuZCIsIl9hdXRoX3VzZXJfaWQiOiIxMTAifQ==','2016-10-09 16:23:36.016704');
INSERT INTO django_session VALUES('r7cfw2f95bmeg8dve0nyx5uws57uth3u','ZWE5MTYyMzdjODIwOTM3MzY1NjM3ODBkYjJiY2Q2ZWQxMGFlY2Y0Yzp7Il9zZXNzaW9uX2V4cGlyeSI6MCwiX2F1dGhfdXNlcl9oYXNoIjoiMGIyNzk5ZTg2ZGQ1NGJmMTNhYzczYmVhNWFjMWY0M2IwODg0YmZkNyIsIl9hdXRoX3VzZXJfYmFja2VuZCI6ImFjY291bnQuYXV0aF9iYWNrZW5kcy5Vc2VybmFtZUF1dGhlbnRpY2F0aW9uQmFja2VuZCIsIl9hdXRoX3VzZXJfaWQiOiIxMSJ9','2016-10-09 16:23:45.750459');
INSERT INTO django_session VALUES('pbc0bwwa1418fiur6jxqr8sga11ghuby','MmViMTVmZTQxNDNhYzUzMjFlZTNhMzhkZTIzZjdkNDYwMDkzMzg4Yzp7Il9zZXNzaW9uX2V4cGlyeSI6MCwiX2F1dGhfdXNlcl9oYXNoIjoiMjFmNmZjOWMyMWRlNTIzMjY3MTEwNzUyZGI4ZTNiN2E3NjM0YjY4NyIsIl9hdXRoX3VzZXJfYmFja2VuZCI6ImFjY291bnQuYXV0aF9iYWNrZW5kcy5Vc2VybmFtZUF1dGhlbnRpY2F0aW9uQmFja2VuZCIsIl9hdXRoX3VzZXJfaWQiOiIxMDgifQ==','2016-10-09 16:23:46.840595');
INSERT INTO django_session VALUES('422uphnrsx3fcs7ksmn34tt1z6zvso1k','Y2QyMTMxMGUxYjMxYjFkMTA3MjAzZTgyYjUwMzgxOTA5YzBjNGUxYjp7Il9zZXNzaW9uX2V4cGlyeSI6MCwiX2F1dGhfdXNlcl9oYXNoIjoiMGY0YmJiNTJjMTc1NDBkMmI5NzkyNWZlODBkMzIyMDEwZDAyYWRkYiIsIl9hdXRoX3VzZXJfYmFja2VuZCI6ImFjY291bnQuYXV0aF9iYWNrZW5kcy5Vc2VybmFtZUF1dGhlbnRpY2F0aW9uQmFja2VuZCIsIl9hdXRoX3VzZXJfaWQiOiIyOCJ9','2016-10-09 16:23:54.806559');
INSERT INTO django_session VALUES('uwcdck1875a2zugip2vvuphb6avwibuz','MmY0ZmEyYjU0ZDA1OTFkYjM3NWQyN2FkNTA0Y2NjNTM4MTRlYTE5Yzp7Il9zZXNzaW9uX2V4cGlyeSI6MCwiX2F1dGhfdXNlcl9oYXNoIjoiYjA3YmIzMWE1ZjY4ZGZiZWJiZWY3OWQzNDJmODQ5ZDIyOGNiYTA5YiIsIl9hdXRoX3VzZXJfYmFja2VuZCI6ImFjY291bnQuYXV0aF9iYWNrZW5kcy5Vc2VybmFtZUF1dGhlbnRpY2F0aW9uQmFja2VuZCIsIl9hdXRoX3VzZXJfaWQiOiI5OCJ9','2016-10-09 16:24:49.011176');
INSERT INTO django_session VALUES('xm3xyeswky1o4gpo0ny4mr4jjk1p84jf','MDJkZmJlM2VhMWFlNmQzZmEzNjgwODBlY2VmYjM0ZmEyODRiYWVjYzp7Il9zZXNzaW9uX2V4cGlyeSI6MCwiX2F1dGhfdXNlcl9oYXNoIjoiNWRiNzFhMTc1YjI4NDBmZWM2MGYxNDgwMWM4NjdkNzI4YzcwYzQ1OCIsIl9hdXRoX3VzZXJfYmFja2VuZCI6ImFjY291bnQuYXV0aF9iYWNrZW5kcy5Vc2VybmFtZUF1dGhlbnRpY2F0aW9uQmFja2VuZCIsIl9hdXRoX3VzZXJfaWQiOiI3MSJ9','2016-10-09 16:24:54.945284');
INSERT INTO django_session VALUES('be43j8t7218r1d8quxvtpeg1355dw3n3','ZjJhN2NmMDgwZGJmMjkwODVjMGFjMTkyY2NlNTQ2MTljZWFiOTg3ODp7Il9zZXNzaW9uX2V4cGlyeSI6MCwiX2F1dGhfdXNlcl9oYXNoIjoiNzNmZmMyODgzZjYzN2U5M2Y1YTJkOWRjNjUxMzA0OGUwZjQxNzFhMiIsIl9hdXRoX3VzZXJfYmFja2VuZCI6ImFjY291bnQuYXV0aF9iYWNrZW5kcy5Vc2VybmFtZUF1dGhlbnRpY2F0aW9uQmFja2VuZCIsIl9hdXRoX3VzZXJfaWQiOiI2NCJ9','2016-10-09 16:24:56.644293');
INSERT INTO django_session VALUES('9kso3mh9b1c8zp69dyj4yhy4s0pvn11t','ZGJiNzA2YzFkM2Q4NjhmZmQ0ZWRkNWNjN2IzOWY0MGZkOTk3ODk5Njp7Il9zZXNzaW9uX2V4cGlyeSI6MCwiX2F1dGhfdXNlcl9oYXNoIjoiNDllMDVkZWZmNzVmZTNiYjNjNzgyNmFkOTI1ODQzNjA4M2M5ZDIwNCIsIl9hdXRoX3VzZXJfYmFja2VuZCI6ImFjY291bnQuYXV0aF9iYWNrZW5kcy5Vc2VybmFtZUF1dGhlbnRpY2F0aW9uQmFja2VuZCIsIl9hdXRoX3VzZXJfaWQiOiI3NyJ9','2016-10-09 16:24:59.761346');
INSERT INTO django_session VALUES('rqpohh14pvwu2xsinsm0t9y4rc5aiihi','NjNlYTEyNzEzZjFjODI2YTZkNzkyMjg0NzU3YzI2ODVjNmIyYjc1Zjp7Il9zZXNzaW9uX2V4cGlyeSI6MzE1MzYwMDAwLCJfYXV0aF91c2VyX2hhc2giOiI4YTE0NzU0MDU3NWVhMWY1ODM3ZGQ2OWJkYjI0MDkzYTdjOWIxMjQ3IiwiX2F1dGhfdXNlcl9iYWNrZW5kIjoiYWNjb3VudC5hdXRoX2JhY2tlbmRzLlVzZXJuYW1lQXV0aGVudGljYXRpb25CYWNrZW5kIiwiX2F1dGhfdXNlcl9pZCI6IjQxIn0=','2026-09-23 16:25:09.986320');
INSERT INTO django_session VALUES('o9xah7vqwncesukn125x5ej128deb2xh','NTM4Mjc5MjU4MjQwYzQwNTE2OTA5MmExODA1YjllYjk1N2IxOTc3Nzp7Il9zZXNzaW9uX2V4cGlyeSI6MCwiX2F1dGhfdXNlcl9oYXNoIjoiOTAyY2M0NmZmNjk0N2RiNGU5MDYyMjg3OGMzY2RiMGMwNTgyYWIwMSIsIl9hdXRoX3VzZXJfYmFja2VuZCI6ImFjY291bnQuYXV0aF9iYWNrZW5kcy5Vc2VybmFtZUF1dGhlbnRpY2F0aW9uQmFja2VuZCIsIl9hdXRoX3VzZXJfaWQiOiIxNSJ9','2016-10-09 16:25:18.715183');
INSERT INTO django_session VALUES('opj56f875q221d4dvp5vldzbfxsm1dby','MmU3ZjVkNTljOTA4NjQ0Mjc2M2QwMzAwYjA5MTAxNTZlMGZjNzk5MTp7Il9zZXNzaW9uX2V4cGlyeSI6MCwiX2F1dGhfdXNlcl9oYXNoIjoiMzNiYjRkMTUxYzQwYzk5NmVjMzMxM2QyNjlhM2I1MTJiN2QzYjIyYSIsIl9hdXRoX3VzZXJfYmFja2VuZCI6ImFjY291bnQuYXV0aF9iYWNrZW5kcy5Vc2VybmFtZUF1dGhlbnRpY2F0aW9uQmFja2VuZCIsIl9hdXRoX3VzZXJfaWQiOiI3NCJ9','2016-10-09 16:25:20.256298');
INSERT INTO django_session VALUES('rwb79n7o57o31xr4ote1n3mndcauofa9','NmUxYzM3MTBlMzEyMWY4Y2Y3OWRhZmQ0MjBjNzk4ZWI5YTA4YTQ5ZDp7Il9zZXNzaW9uX2V4cGlyeSI6MCwiX2F1dGhfdXNlcl9oYXNoIjoiOTA1YjdiZWZmMjk5MjQ1MTM0ODNiZGVkNGMzMjViNzg3OGI3NTkyMiIsIl9hdXRoX3VzZXJfYmFja2VuZCI6ImFjY291bnQuYXV0aF9iYWNrZW5kcy5Vc2VybmFtZUF1dGhlbnRpY2F0aW9uQmFja2VuZCIsIl9hdXRoX3VzZXJfaWQiOiIxMDMifQ==','2016-10-09 16:25:35.246260');
INSERT INTO django_session VALUES('1o35yif40d95xmweavrzsw1mppntsxu5','OTI0MDU4OTg1N2JmNWNiN2VlNGFiZjliZmJmOTI2ODU5NjE1YmI2Yjp7Il9zZXNzaW9uX2V4cGlyeSI6MCwiX2F1dGhfdXNlcl9oYXNoIjoiN2FjMTU1ZjM3Y2VmYjRlMGIzMGJmYTQzY2E4NDY2MDE4ZGE5ZTE3ZCIsIl9hdXRoX3VzZXJfYmFja2VuZCI6ImFjY291bnQuYXV0aF9iYWNrZW5kcy5Vc2VybmFtZUF1dGhlbnRpY2F0aW9uQmFja2VuZCIsIl9hdXRoX3VzZXJfaWQiOiIxMDkifQ==','2016-10-09 16:25:36.153178');
INSERT INTO django_session VALUES('dua01qxl81caabkza9hkso7ptc0ernno','OWZlMjY0N2Y3MDg2MTZmMmM0OGUyOWJhMTczM2EwN2M3ZTgxZmJhNDp7Il9zZXNzaW9uX2V4cGlyeSI6MCwiX2F1dGhfdXNlcl9oYXNoIjoiNjNhOGFmMDZkZjU2MDRmNzlmNmRmODYxNjlkYjNhYWU1YmU2NzRiNiIsIl9hdXRoX3VzZXJfYmFja2VuZCI6ImFjY291bnQuYXV0aF9iYWNrZW5kcy5Vc2VybmFtZUF1dGhlbnRpY2F0aW9uQmFja2VuZCIsIl9hdXRoX3VzZXJfaWQiOiI4MyJ9','2016-10-09 16:25:50.499599');
INSERT INTO django_session VALUES('5e5bouirm4ugmngvex17numdxdwqeey3','Y2RmMzdiYjQyMWJlYjQyYjEzZGEwMmYyYzk2YjgyYjNiM2ZmOGNkZDp7Il9zZXNzaW9uX2V4cGlyeSI6MCwiX2F1dGhfdXNlcl9oYXNoIjoiZTMzMjg0MGI0MjM3ZTRiMjRlZDY0YmUwYjU5ODc3OTk3Y2I2ZGY3OSIsIl9hdXRoX3VzZXJfYmFja2VuZCI6ImFjY291bnQuYXV0aF9iYWNrZW5kcy5Vc2VybmFtZUF1dGhlbnRpY2F0aW9uQmFja2VuZCIsIl9hdXRoX3VzZXJfaWQiOiIxMCJ9','2016-10-09 16:27:00.239242');
INSERT INTO django_session VALUES('qnf25d8cbwlak5ivh38yr9uj10h2z4xy','NWNiN2EzODZhZTAyNjM5MzJkNmM3ODRiY2YyOTgzZTZjMTExOWVjMzp7Il9zZXNzaW9uX2V4cGlyeSI6MCwiX2F1dGhfdXNlcl9oYXNoIjoiNTg5YjRlNjY2NDBhN2Q5NDZlZjBjNmVhNTk2MzdhNjNkZDhlOTBlOCIsIl9hdXRoX3VzZXJfYmFja2VuZCI6ImFjY291bnQuYXV0aF9iYWNrZW5kcy5Vc2VybmFtZUF1dGhlbnRpY2F0aW9uQmFja2VuZCIsIl9hdXRoX3VzZXJfaWQiOiIzOCJ9','2016-10-09 16:27:16.104313');
INSERT INTO django_session VALUES('xwmbxs4kf4kslsn7w5r7xdhzmr0m683b','ZTRjMDAxODI1M2ZjMjRjYjAwMjNiZmY4ZWM4NzZlYjZlMjVhN2ZjMzp7Il9zZXNzaW9uX2V4cGlyeSI6MCwiX2F1dGhfdXNlcl9oYXNoIjoiZjhjNDcyN2QyYzM0MzZlOWRmODdiMTRiN2ZmYTIxZGJjZWNiM2ZlOSIsIl9hdXRoX3VzZXJfYmFja2VuZCI6ImFjY291bnQuYXV0aF9iYWNrZW5kcy5Vc2VybmFtZUF1dGhlbnRpY2F0aW9uQmFja2VuZCIsIl9hdXRoX3VzZXJfaWQiOiIxMiJ9','2016-10-09 16:28:02.870591');
INSERT INTO django_session VALUES('txdvt6qiakf18v7bpu88qzsuesj63pwd','ZTZiMWQ2NjQzZjY5N2EwMDI5ODNhYjVkOTJhY2M2Mjc1N2RlY2FhNDp7Il9zZXNzaW9uX2V4cGlyeSI6MCwiX2F1dGhfdXNlcl9oYXNoIjoiMzY0ODU0ODVkMmY5NWJiZmVkN2YxZGYzOTA1OTc4ZThlMGU2N2Y1YiIsIl9hdXRoX3VzZXJfYmFja2VuZCI6ImFjY291bnQuYXV0aF9iYWNrZW5kcy5Vc2VybmFtZUF1dGhlbnRpY2F0aW9uQmFja2VuZCIsIl9hdXRoX3VzZXJfaWQiOiI3MiJ9','2016-10-09 16:28:06.188554');
INSERT INTO django_session VALUES('vmrxx4isli9t4uri4j3lg5ruhb5qvp79','NDYzYjE3ODI4MTRjMzRjOTQ0ZmJkMWZiNTFlNWYwMjgxMTFjMmNkODp7Il9zZXNzaW9uX2V4cGlyeSI6MzE1MzYwMDAwLCJfYXV0aF91c2VyX2hhc2giOiI5NGU3YjgxNDlkYzRkMjc5YmM3MmJhMDFiNTdkNmQ4NGUzZjEwZDIzIiwiX2F1dGhfdXNlcl9iYWNrZW5kIjoiYWNjb3VudC5hdXRoX2JhY2tlbmRzLlVzZXJuYW1lQXV0aGVudGljYXRpb25CYWNrZW5kIiwiX2F1dGhfdXNlcl9pZCI6IjYzIn0=','2026-09-23 16:28:21.260500');
INSERT INTO django_session VALUES('6plvvb0j71vzx4mbd4ieby9xsp9zva9y','MGFjNTU5Y2QyMDcyMmUwMTdiOGU4YjQzNjlkNzRiZTM3YTVkZDY1Mjp7Il9zZXNzaW9uX2V4cGlyeSI6MCwiX2F1dGhfdXNlcl9oYXNoIjoiZjQzOGM4NzhlM2YxYjYxY2M5YzlhZGY4NzZlM2UxMjZlN2U3NmJlYSIsIl9hdXRoX3VzZXJfYmFja2VuZCI6ImFjY291bnQuYXV0aF9iYWNrZW5kcy5Vc2VybmFtZUF1dGhlbnRpY2F0aW9uQmFja2VuZCIsIl9hdXRoX3VzZXJfaWQiOiIzOSJ9','2016-10-09 16:32:44.040468');
INSERT INTO django_session VALUES('l9h53ixbwivb2r5407i5gr0ftynkj0rz','ZWE4ZThjMzc1ZmJiYjU5ZGYzMWQyYTAwZGVhZjNkODE4ZDA0OWQ2OTp7Il9zZXNzaW9uX2V4cGlyeSI6MCwiX2F1dGhfdXNlcl9oYXNoIjoiNTI2MTc2NzYxMGI0ZTk0M2FhY2QxNTgyN2I1NjM0NWM2NzBlZmYwZiIsIl9hdXRoX3VzZXJfYmFja2VuZCI6ImFjY291bnQuYXV0aF9iYWNrZW5kcy5Vc2VybmFtZUF1dGhlbnRpY2F0aW9uQmFja2VuZCIsIl9hdXRoX3VzZXJfaWQiOiI5NyJ9','2016-10-09 16:33:07.272455');
INSERT INTO django_session VALUES('qxicxsq9q19h2z1o6zf2woqif2iwdf5q','Yzc3ZTJiYzBlZmYyNjQwNTNmNTczNDA2N2EzYmE1M2I1NmJlYWY1MTp7Il9zZXNzaW9uX2V4cGlyeSI6MCwiX2F1dGhfdXNlcl9oYXNoIjoiZGVhYWFmMjRjMmQzZThiZmEwMGI3ZTBkYTdhMTBlZWRlNjQ1ZDE3NCIsIl9hdXRoX3VzZXJfYmFja2VuZCI6ImFjY291bnQuYXV0aF9iYWNrZW5kcy5Vc2VybmFtZUF1dGhlbnRpY2F0aW9uQmFja2VuZCIsIl9hdXRoX3VzZXJfaWQiOiIyNCJ9','2016-10-09 16:33:29.237514');
INSERT INTO django_session VALUES('jxa8jxheh9odjp6aksuovabzd4esql4m','ZDFjY2U2ZDJiZmVhOWNjY2FmYWMzNDUyMWI4N2Q2MGQyYmUyZjk0ZTp7Il9zZXNzaW9uX2V4cGlyeSI6MCwiX2F1dGhfdXNlcl9oYXNoIjoiNTgyZGY0NTI4OWMxMzM4MTc0ZjJjMDBhNGYzNzAxZmY0MDFiMmQ2ZiIsIl9hdXRoX3VzZXJfYmFja2VuZCI6ImFjY291bnQuYXV0aF9iYWNrZW5kcy5Vc2VybmFtZUF1dGhlbnRpY2F0aW9uQmFja2VuZCIsIl9hdXRoX3VzZXJfaWQiOiIyMSJ9','2016-10-09 16:33:37.923346');
INSERT INTO django_session VALUES('eux5df4j74xmce8kx8hxnnmurzz7aftr','MGExMDc5OTQ4NWIwMmE5MmJiYjEzODFhODI2N2EyZWExZWE0Yjk2Njp7Il9zZXNzaW9uX2V4cGlyeSI6MCwiX2F1dGhfdXNlcl9oYXNoIjoiOTQzMTg4YjNmNDc4MDIyNDZmNTEwMzc1ZDljYTNiNjhhNjhjOTY3MCIsIl9hdXRoX3VzZXJfYmFja2VuZCI6ImFjY291bnQuYXV0aF9iYWNrZW5kcy5Vc2VybmFtZUF1dGhlbnRpY2F0aW9uQmFja2VuZCIsIl9hdXRoX3VzZXJfaWQiOiI4NyJ9','2016-10-09 16:42:14.157235');
INSERT INTO django_session VALUES('9q2iv4stt3euz7trnoxohalpwgnbwnky','MjEwMTllNGY2YmEzZmYwY2QxMDdiNDcyMGNjNTcwZTkyN2MyYTFhYzp7Il9zZXNzaW9uX2V4cGlyeSI6MCwiX2F1dGhfdXNlcl9oYXNoIjoiYzU1M2FiYjcyNDM0NjdhN2YyNGUyZDhkNGUxMzcwNTk2NTI5ZDhiNCIsIl9hdXRoX3VzZXJfYmFja2VuZCI6ImFjY291bnQuYXV0aF9iYWNrZW5kcy5Vc2VybmFtZUF1dGhlbnRpY2F0aW9uQmFja2VuZCIsIl9hdXRoX3VzZXJfaWQiOiIxMDAifQ==','2016-10-09 16:44:22.070494');
INSERT INTO django_session VALUES('23ig5g6zt5jgf8vzln3xzu8anwlrbj73','MjJlYjhmZTA4MjE1ZGJmYjcxYjViMGMyZTE2MmEzOTVjNTE0ODEzYjp7Il9zZXNzaW9uX2V4cGlyeSI6MCwiX2F1dGhfdXNlcl9oYXNoIjoiOWE3MzEwODNhZWYwN2ZjMzJlM2QxODVkZjM2OWU1MDZlNThiM2Y0MyIsIl9hdXRoX3VzZXJfYmFja2VuZCI6ImFjY291bnQuYXV0aF9iYWNrZW5kcy5Vc2VybmFtZUF1dGhlbnRpY2F0aW9uQmFja2VuZCIsIl9hdXRoX3VzZXJfaWQiOiI2MiJ9','2016-10-09 16:46:12.101359');
INSERT INTO django_session VALUES('s6a3jykoqy1xytcmh86m57te320bt3ym','MjEwMTllNGY2YmEzZmYwY2QxMDdiNDcyMGNjNTcwZTkyN2MyYTFhYzp7Il9zZXNzaW9uX2V4cGlyeSI6MCwiX2F1dGhfdXNlcl9oYXNoIjoiYzU1M2FiYjcyNDM0NjdhN2YyNGUyZDhkNGUxMzcwNTk2NTI5ZDhiNCIsIl9hdXRoX3VzZXJfYmFja2VuZCI6ImFjY291bnQuYXV0aF9iYWNrZW5kcy5Vc2VybmFtZUF1dGhlbnRpY2F0aW9uQmFja2VuZCIsIl9hdXRoX3VzZXJfaWQiOiIxMDAifQ==','2016-10-09 16:49:01.927587');
INSERT INTO django_session VALUES('bc8aoclzetuqnipc21xy9hsrgzb1efie','Y2NlZmNmMDcyZDFhOWRlYTM3YTYxOTE0NmY4ZGNmN2IxODk2ZGY4OTp7Il9zZXNzaW9uX2V4cGlyeSI6MCwiX2F1dGhfdXNlcl9oYXNoIjoiNDE0NjdlODJiZjUwYjM3Y2JmMjdlZWQ2ZGRjZGM1NzMyMTZkMTE0NSIsIl9hdXRoX3VzZXJfYmFja2VuZCI6ImFjY291bnQuYXV0aF9iYWNrZW5kcy5Vc2VybmFtZUF1dGhlbnRpY2F0aW9uQmFja2VuZCIsIl9hdXRoX3VzZXJfaWQiOiI2NSJ9','2016-10-09 16:51:09.865502');
INSERT INTO django_session VALUES('oft8aiybwl9gygs2hhw9zpp4t4dy57r8','NDhhNTE0YTVjNGYwZWQ2MzUyNTRkYWVjY2MyZGI4ZDI4YmQ1ZmUxYjp7Il9zZXNzaW9uX2V4cGlyeSI6MCwiX2F1dGhfdXNlcl9oYXNoIjoiM2FmNzE1MmNlOTFlZmE5ZmZlOWUzNGVjN2U2MTc3N2Y0MjU5OWFhYSIsIl9hdXRoX3VzZXJfYmFja2VuZCI6ImFjY291bnQuYXV0aF9iYWNrZW5kcy5Vc2VybmFtZUF1dGhlbnRpY2F0aW9uQmFja2VuZCIsIl9hdXRoX3VzZXJfaWQiOiI4NSJ9','2016-10-09 16:57:28.636727');
INSERT INTO django_session VALUES('xqo51vh2xcw3epedd70by72r7biltxge','MDkwYjMxNzJjNzFjYzFmOGE1NWY0OGNiOWQwMGUyYjI1MmJjMmNlYjp7Il9zZXNzaW9uX2V4cGlyeSI6MCwiX2F1dGhfdXNlcl9oYXNoIjoiZGE4OTk5ZmQ2M2JlMGRmYzRiNjcxYTY3NmJlNDBjZDMyOGI3NTUzNCIsIl9hdXRoX3VzZXJfYmFja2VuZCI6ImFjY291bnQuYXV0aF9iYWNrZW5kcy5Vc2VybmFtZUF1dGhlbnRpY2F0aW9uQmFja2VuZCIsIl9hdXRoX3VzZXJfaWQiOiIxMDIifQ==','2016-10-09 16:57:55.099568');
INSERT INTO django_session VALUES('neagpa6hvpzjkyxvxxs485r6xaungfcx','NGQ1MTQxZDU4MTg2NGNmYjM1OWVkZjFlZjg2ZmRjZmMzMmYwMzdkYjp7Il9zZXNzaW9uX2V4cGlyeSI6MCwiX2F1dGhfdXNlcl9oYXNoIjoiYjJhZWYxNmIzNmUzMjQ4N2NjNjMxZWE5ZWVmM2I5NjI3NmM4MmJkOCIsIl9hdXRoX3VzZXJfYmFja2VuZCI6ImFjY291bnQuYXV0aF9iYWNrZW5kcy5Vc2VybmFtZUF1dGhlbnRpY2F0aW9uQmFja2VuZCIsIl9hdXRoX3VzZXJfaWQiOiIxMjUifQ==','2016-10-09 16:59:19.671293');
INSERT INTO django_session VALUES('xmy1tbsmcns65m5w4xy5awrrekdunqcc','NTc2MGI2YTg0NGU2NGY0ZTMwYmMzZDBjYTM3ZDg4NjUzMTJlNWNjODp7Il9zZXNzaW9uX2V4cGlyeSI6MCwiX2F1dGhfdXNlcl9oYXNoIjoiZGFmNDkyYWQzZjU0NmQ5YzJjY2JmNWFiYTMxZTM4NjhmYjZkZGQ2MiIsIl9hdXRoX3VzZXJfYmFja2VuZCI6ImFjY291bnQuYXV0aF9iYWNrZW5kcy5Vc2VybmFtZUF1dGhlbnRpY2F0aW9uQmFja2VuZCIsIl9hdXRoX3VzZXJfaWQiOiIxMjYifQ==','2016-10-09 17:52:30.852616');
INSERT INTO django_session VALUES('47dqr0wqvdlgb2q8y7c4c5dt75ky67xc','YzE4NjU2OGRlYjE2NDZlYjdlZDJhYWFiMDM5YTYyMTRkYTkzNmMxNDp7Il9zZXNzaW9uX2V4cGlyeSI6MCwiX2F1dGhfdXNlcl9oYXNoIjoiYTFlYjExNWYxNDlmNTJiYTA4Yjg5NTMwYzJjZWY0OTk5ZWZmMzgyMiIsIl9hdXRoX3VzZXJfYmFja2VuZCI6ImFjY291bnQuYXV0aF9iYWNrZW5kcy5Vc2VybmFtZUF1dGhlbnRpY2F0aW9uQmFja2VuZCIsIl9hdXRoX3VzZXJfaWQiOiIxMTcifQ==','2016-10-09 19:42:13.474410');
INSERT INTO django_session VALUES('mgmigmf5f92ywft2arwe2ifdgohx3xal','YzE4NjU2OGRlYjE2NDZlYjdlZDJhYWFiMDM5YTYyMTRkYTkzNmMxNDp7Il9zZXNzaW9uX2V4cGlyeSI6MCwiX2F1dGhfdXNlcl9oYXNoIjoiYTFlYjExNWYxNDlmNTJiYTA4Yjg5NTMwYzJjZWY0OTk5ZWZmMzgyMiIsIl9hdXRoX3VzZXJfYmFja2VuZCI6ImFjY291bnQuYXV0aF9iYWNrZW5kcy5Vc2VybmFtZUF1dGhlbnRpY2F0aW9uQmFja2VuZCIsIl9hdXRoX3VzZXJfaWQiOiIxMTcifQ==','2016-10-09 20:26:55.511243');
INSERT INTO django_session VALUES('2lfoecxwbk2fit51cbvofpvt5zzkuu7d','NTEzMTQ3NTBhZTYyYzg1NGI5OWY2N2E2MDljNjYzZGJmY2QxOGQ3ODp7Il9zZXNzaW9uX2V4cGlyeSI6MCwiX2F1dGhfdXNlcl9oYXNoIjoiMGRkMmJiYWEyYzM3ZmEyODMyMWFiNTE4YmIwMTU1NjRkNmUxYjAxMSIsIl9hdXRoX3VzZXJfYmFja2VuZCI6ImFjY291bnQuYXV0aF9iYWNrZW5kcy5Vc2VybmFtZUF1dGhlbnRpY2F0aW9uQmFja2VuZCIsIl9hdXRoX3VzZXJfaWQiOiI4MCJ9','2016-10-10 07:17:29.255606');
INSERT INTO django_session VALUES('mxy2bvxd1ylfow4quevpy911ocaig3pl','NDM0MDQ1Y2VlYzQwNWFmODg3NzM5NzkxM2Y2NzVlZGY1MTE1YWRjMzp7Il9zZXNzaW9uX2V4cGlyeSI6MzE1MzYwMDAwLCJfYXV0aF91c2VyX2hhc2giOiJhNmNiNjI3ZDBkNzQwNjlhZjczZjgzN2FjMmQ5Yzg0MjYwOWQwYWJiIiwiX2F1dGhfdXNlcl9iYWNrZW5kIjoiYWNjb3VudC5hdXRoX2JhY2tlbmRzLlVzZXJuYW1lQXV0aGVudGljYXRpb25CYWNrZW5kIiwiX2F1dGhfdXNlcl9pZCI6IjQzIn0=','2026-09-24 07:44:02.430749');
INSERT INTO django_session VALUES('qsm7kz4h4qp18d94gvhxwb9233bifwmh','NzI0N2JmODQ2OWQ5N2EyZGMyODI3YTczNGY1YzlmNzllNWFmOWQ5MDp7Il9zZXNzaW9uX2V4cGlyeSI6MCwiX2F1dGhfdXNlcl9oYXNoIjoiOTRlN2I4MTQ5ZGM0ZDI3OWJjNzJiYTAxYjU3ZDZkODRlM2YxMGQyMyIsIl9hdXRoX3VzZXJfYmFja2VuZCI6ImFjY291bnQuYXV0aF9iYWNrZW5kcy5Vc2VybmFtZUF1dGhlbnRpY2F0aW9uQmFja2VuZCIsIl9hdXRoX3VzZXJfaWQiOiI2MyJ9','2016-10-10 09:19:42.599360');
INSERT INTO django_session VALUES('hm9n0d6q3j70gng88ccgns4un38b023b','Y2E4NjU3Y2E2OTlkZTkwNDJjNTgxNWVlZTY5ODkyOGFiMDVhZDE1ZTp7Il9zZXNzaW9uX2V4cGlyeSI6MzE1MzYwMDAwLCJfYXV0aF91c2VyX2hhc2giOiJiNDIzNmFkYTgyOGRmNjUzMTY2NjFjNzg5YWExNThkMGVmNDg3OGEwIiwiX2F1dGhfdXNlcl9iYWNrZW5kIjoiYWNjb3VudC5hdXRoX2JhY2tlbmRzLlVzZXJuYW1lQXV0aGVudGljYXRpb25CYWNrZW5kIiwiX2F1dGhfdXNlcl9pZCI6IjkzIn0=','2026-09-24 12:19:07.654016');
INSERT INTO django_session VALUES('8f82ze1igupkj0vxcvz1p9ww7egjdmi7','NzdkZWYyZDcxMmUyYzY1ZDRhODNmYTg4MzA0Mzk3YmQwOTE1YTJkNjp7Il9zZXNzaW9uX2V4cGlyeSI6MCwiX2F1dGhfdXNlcl9oYXNoIjoiMDMwZmVkMmM1MDVlYjg5MmI4MzRjNTI1NWFlOTkxOGY4ZGQ0OGZmZCIsIl9hdXRoX3VzZXJfYmFja2VuZCI6ImFjY291bnQuYXV0aF9iYWNrZW5kcy5Vc2VybmFtZUF1dGhlbnRpY2F0aW9uQmFja2VuZCIsIl9hdXRoX3VzZXJfaWQiOiI4OCJ9','2016-10-10 13:55:38.802241');
INSERT INTO django_session VALUES('xxgoaiv036e57bhsq6q0brs1qnpxndju','NzI0N2JmODQ2OWQ5N2EyZGMyODI3YTczNGY1YzlmNzllNWFmOWQ5MDp7Il9zZXNzaW9uX2V4cGlyeSI6MCwiX2F1dGhfdXNlcl9oYXNoIjoiOTRlN2I4MTQ5ZGM0ZDI3OWJjNzJiYTAxYjU3ZDZkODRlM2YxMGQyMyIsIl9hdXRoX3VzZXJfYmFja2VuZCI6ImFjY291bnQuYXV0aF9iYWNrZW5kcy5Vc2VybmFtZUF1dGhlbnRpY2F0aW9uQmFja2VuZCIsIl9hdXRoX3VzZXJfaWQiOiI2MyJ9','2016-10-10 15:15:53.226419');
INSERT INTO django_session VALUES('vvk6l9bvyqk550bcgs6wt6qcgq1ggcy9','Yjk1Yzc2MDBkYjk2NTk5MTFlZDJiZmRjNDI0ZGVkMzRlMzM5MDMyYjp7Il9zZXNzaW9uX2V4cGlyeSI6MCwiX2F1dGhfdXNlcl9oYXNoIjoiMzg5ZjA4MDY4ODY0ZTQyMWIwODA5OGY2ZjVjYzBhNWY0YWNiNzdiNSIsIl9hdXRoX3VzZXJfYmFja2VuZCI6ImFjY291bnQuYXV0aF9iYWNrZW5kcy5Vc2VybmFtZUF1dGhlbnRpY2F0aW9uQmFja2VuZCIsIl9hdXRoX3VzZXJfaWQiOiIzNSJ9','2016-10-10 15:17:58.929558');
INSERT INTO django_session VALUES('wvea2euzc3uztuhlzdszi70eooc2hzhs','MzdlODQ2NmE0MWY5ZThiYTNmMTEyYmJiYTZlMjQ5ZTRhOGJmMDIwMzp7Il9zZXNzaW9uX2V4cGlyeSI6MzE1MzYwMDAwLCJfYXV0aF91c2VyX2hhc2giOiJmNDM4Yzg3OGUzZjFiNjFjYzljOWFkZjg3NmUzZTEyNmU3ZTc2YmVhIiwiX2F1dGhfdXNlcl9iYWNrZW5kIjoiYWNjb3VudC5hdXRoX2JhY2tlbmRzLlVzZXJuYW1lQXV0aGVudGljYXRpb25CYWNrZW5kIiwiX2F1dGhfdXNlcl9pZCI6IjM5In0=','2026-09-24 20:24:36.860513');
INSERT INTO django_session VALUES('ccsddx9vrshca3bdl8l99h2q3k229ruq','ZWE5MTYyMzdjODIwOTM3MzY1NjM3ODBkYjJiY2Q2ZWQxMGFlY2Y0Yzp7Il9zZXNzaW9uX2V4cGlyeSI6MCwiX2F1dGhfdXNlcl9oYXNoIjoiMGIyNzk5ZTg2ZGQ1NGJmMTNhYzczYmVhNWFjMWY0M2IwODg0YmZkNyIsIl9hdXRoX3VzZXJfYmFja2VuZCI6ImFjY291bnQuYXV0aF9iYWNrZW5kcy5Vc2VybmFtZUF1dGhlbnRpY2F0aW9uQmFja2VuZCIsIl9hdXRoX3VzZXJfaWQiOiIxMSJ9','2016-10-11 09:39:27.117320');
INSERT INTO django_session VALUES('5w8b2a23h1yx822gc28uup2sr7lrimwt','NjQ3YzQwYzgxNmY0Y2RlOWQxODkxY2IxMWQ2NmU4YWI2ZjNhYzhiYzp7Il9zZXNzaW9uX2V4cGlyeSI6MCwiX2F1dGhfdXNlcl9oYXNoIjoiNDVlYzFkNWRkOTIxYzdkZjBmZDFlOGJmNzQwZTQ0YzM3NzIwNmMzZSIsIl9hdXRoX3VzZXJfYmFja2VuZCI6ImFjY291bnQuYXV0aF9iYWNrZW5kcy5Vc2VybmFtZUF1dGhlbnRpY2F0aW9uQmFja2VuZCIsIl9hdXRoX3VzZXJfaWQiOiI3In0=','2016-10-11 11:19:57.374326');
INSERT INTO django_session VALUES('y2va1qesyxeznmijtaam5tzvfoesh7ye','NGQ1MTQxZDU4MTg2NGNmYjM1OWVkZjFlZjg2ZmRjZmMzMmYwMzdkYjp7Il9zZXNzaW9uX2V4cGlyeSI6MCwiX2F1dGhfdXNlcl9oYXNoIjoiYjJhZWYxNmIzNmUzMjQ4N2NjNjMxZWE5ZWVmM2I5NjI3NmM4MmJkOCIsIl9hdXRoX3VzZXJfYmFja2VuZCI6ImFjY291bnQuYXV0aF9iYWNrZW5kcy5Vc2VybmFtZUF1dGhlbnRpY2F0aW9uQmFja2VuZCIsIl9hdXRoX3VzZXJfaWQiOiIxMjUifQ==','2016-10-11 12:07:52.402480');
INSERT INTO django_session VALUES('s3k4dqi0zvkt7irodhqywe6l3v79n9r2','MWIzOGQ5YTVkMDNmYmMzOTZiMmY1NTkwODBmOGM0MTZjZGUxMGMwOTp7Il9hdXRoX3VzZXJfaGFzaCI6ImUzYWJhNWNmMjI1NzAzYzM4MDk0OGYyM2Y4ZTRiOTIxNjZiZjcxOGYiLCJfYXV0aF91c2VyX2JhY2tlbmQiOiJhY2NvdW50LmF1dGhfYmFja2VuZHMuVXNlcm5hbWVBdXRoZW50aWNhdGlvbkJhY2tlbmQiLCJfYXV0aF91c2VyX2lkIjoiMTI0In0=','2016-10-11 15:55:03.761904');
INSERT INTO django_session VALUES('xwaxqmornp21179gca6myt7ekxc1jwg8','Yjk1Yzc2MDBkYjk2NTk5MTFlZDJiZmRjNDI0ZGVkMzRlMzM5MDMyYjp7Il9zZXNzaW9uX2V4cGlyeSI6MCwiX2F1dGhfdXNlcl9oYXNoIjoiMzg5ZjA4MDY4ODY0ZTQyMWIwODA5OGY2ZjVjYzBhNWY0YWNiNzdiNSIsIl9hdXRoX3VzZXJfYmFja2VuZCI6ImFjY291bnQuYXV0aF9iYWNrZW5kcy5Vc2VybmFtZUF1dGhlbnRpY2F0aW9uQmFja2VuZCIsIl9hdXRoX3VzZXJfaWQiOiIzNSJ9','2016-10-11 16:31:25.273287');
INSERT INTO django_session VALUES('asva4udgxg8ltdnwss0gowofl1pf920b','MmU3ZjVkNTljOTA4NjQ0Mjc2M2QwMzAwYjA5MTAxNTZlMGZjNzk5MTp7Il9zZXNzaW9uX2V4cGlyeSI6MCwiX2F1dGhfdXNlcl9oYXNoIjoiMzNiYjRkMTUxYzQwYzk5NmVjMzMxM2QyNjlhM2I1MTJiN2QzYjIyYSIsIl9hdXRoX3VzZXJfYmFja2VuZCI6ImFjY291bnQuYXV0aF9iYWNrZW5kcy5Vc2VybmFtZUF1dGhlbnRpY2F0aW9uQmFja2VuZCIsIl9hdXRoX3VzZXJfaWQiOiI3NCJ9','2016-10-12 09:12:44.759124');
INSERT INTO django_session VALUES('2zrje5f48ay9om9logzow84qufzs4xxh','MmU3ZjVkNTljOTA4NjQ0Mjc2M2QwMzAwYjA5MTAxNTZlMGZjNzk5MTp7Il9zZXNzaW9uX2V4cGlyeSI6MCwiX2F1dGhfdXNlcl9oYXNoIjoiMzNiYjRkMTUxYzQwYzk5NmVjMzMxM2QyNjlhM2I1MTJiN2QzYjIyYSIsIl9hdXRoX3VzZXJfYmFja2VuZCI6ImFjY291bnQuYXV0aF9iYWNrZW5kcy5Vc2VybmFtZUF1dGhlbnRpY2F0aW9uQmFja2VuZCIsIl9hdXRoX3VzZXJfaWQiOiI3NCJ9','2016-10-12 09:32:19.062168');
INSERT INTO django_session VALUES('h4ik9v75c2dwainn8qcj8jsake6450ww','MmU3ZjVkNTljOTA4NjQ0Mjc2M2QwMzAwYjA5MTAxNTZlMGZjNzk5MTp7Il9zZXNzaW9uX2V4cGlyeSI6MCwiX2F1dGhfdXNlcl9oYXNoIjoiMzNiYjRkMTUxYzQwYzk5NmVjMzMxM2QyNjlhM2I1MTJiN2QzYjIyYSIsIl9hdXRoX3VzZXJfYmFja2VuZCI6ImFjY291bnQuYXV0aF9iYWNrZW5kcy5Vc2VybmFtZUF1dGhlbnRpY2F0aW9uQmFja2VuZCIsIl9hdXRoX3VzZXJfaWQiOiI3NCJ9','2016-10-12 09:41:55.644304');
INSERT INTO django_session VALUES('xrl3hslojmsga5r192ugjrtnaqkaef7g','NzI0N2JmODQ2OWQ5N2EyZGMyODI3YTczNGY1YzlmNzllNWFmOWQ5MDp7Il9zZXNzaW9uX2V4cGlyeSI6MCwiX2F1dGhfdXNlcl9oYXNoIjoiOTRlN2I4MTQ5ZGM0ZDI3OWJjNzJiYTAxYjU3ZDZkODRlM2YxMGQyMyIsIl9hdXRoX3VzZXJfYmFja2VuZCI6ImFjY291bnQuYXV0aF9iYWNrZW5kcy5Vc2VybmFtZUF1dGhlbnRpY2F0aW9uQmFja2VuZCIsIl9hdXRoX3VzZXJfaWQiOiI2MyJ9','2016-10-13 07:03:50.623118');
INSERT INTO django_session VALUES('fcz235to3x0tctrnufj1171mt5rz6zom','Y2E5ZWRkZGM0ZGRjYzk2ODZmMTc3OThkODFlMTU2MTZlOGMyMWU4Yjp7Il9zZXNzaW9uX2V4cGlyeSI6MCwiX2F1dGhfdXNlcl9oYXNoIjoiMjU5ZDkyNWJhN2RhMmEzMTlhNWQ2YzUwNTRhOGI4YmE1ZDU5YjRmNiIsIl9hdXRoX3VzZXJfYmFja2VuZCI6ImFjY291bnQuYXV0aF9iYWNrZW5kcy5Vc2VybmFtZUF1dGhlbnRpY2F0aW9uQmFja2VuZCIsIl9hdXRoX3VzZXJfaWQiOiI0OSJ9','2016-10-13 08:02:33.875448');
INSERT INTO django_session VALUES('h7wzfvqztzq2o257yiqo6pnfo3aexwcd','YjNlYzVhOTVkOWQ2YWJkYmEwMDhmYzE1YjE3YjM3Nzg2ODgwZWQzZDp7Il9zZXNzaW9uX2V4cGlyeSI6MCwiX2F1dGhfdXNlcl9oYXNoIjoiN2U5NzI1ZmVlMDAyMTBlMDAzNzhlNDA4YWYxMDI5MDlhZmM5NmRlMSIsIl9hdXRoX3VzZXJfYmFja2VuZCI6ImFjY291bnQuYXV0aF9iYWNrZW5kcy5Vc2VybmFtZUF1dGhlbnRpY2F0aW9uQmFja2VuZCIsIl9hdXRoX3VzZXJfaWQiOiIxMjEifQ==','2016-10-13 09:28:31.588359');
INSERT INTO django_session VALUES('68lkz9ssbrqd2zgz9jc5z4vakpo50sbo','ODFkN2UxZDhlOGE0MjYwMzVkNDA0MDlmNjM2YzBiNDVkZjZmM2I2ODp7Il9zZXNzaW9uX2V4cGlyeSI6MCwiX2F1dGhfdXNlcl9oYXNoIjoiMmQ4NWY5MjA4NThlNjA0NzEyNDY1MDc5OWZiZTg1NGY0MDE3ZTNjYiIsIl9hdXRoX3VzZXJfYmFja2VuZCI6ImFjY291bnQuYXV0aF9iYWNrZW5kcy5Vc2VybmFtZUF1dGhlbnRpY2F0aW9uQmFja2VuZCIsIl9hdXRoX3VzZXJfaWQiOiI4In0=','2016-10-13 11:19:09.322567');
INSERT INTO django_session VALUES('v6fcck4du4qnp5hfmz8tl0gifhte0d1y','NjQ3YzQwYzgxNmY0Y2RlOWQxODkxY2IxMWQ2NmU4YWI2ZjNhYzhiYzp7Il9zZXNzaW9uX2V4cGlyeSI6MCwiX2F1dGhfdXNlcl9oYXNoIjoiNDVlYzFkNWRkOTIxYzdkZjBmZDFlOGJmNzQwZTQ0YzM3NzIwNmMzZSIsIl9hdXRoX3VzZXJfYmFja2VuZCI6ImFjY291bnQuYXV0aF9iYWNrZW5kcy5Vc2VybmFtZUF1dGhlbnRpY2F0aW9uQmFja2VuZCIsIl9hdXRoX3VzZXJfaWQiOiI3In0=','2016-10-13 11:41:25.899216');
INSERT INTO django_session VALUES('g2ib17zrb5srvasv11wz7e6272htcoq6','YjNlYzVhOTVkOWQ2YWJkYmEwMDhmYzE1YjE3YjM3Nzg2ODgwZWQzZDp7Il9zZXNzaW9uX2V4cGlyeSI6MCwiX2F1dGhfdXNlcl9oYXNoIjoiN2U5NzI1ZmVlMDAyMTBlMDAzNzhlNDA4YWYxMDI5MDlhZmM5NmRlMSIsIl9hdXRoX3VzZXJfYmFja2VuZCI6ImFjY291bnQuYXV0aF9iYWNrZW5kcy5Vc2VybmFtZUF1dGhlbnRpY2F0aW9uQmFja2VuZCIsIl9hdXRoX3VzZXJfaWQiOiIxMjEifQ==','2016-10-13 13:01:24.790158');
INSERT INTO django_session VALUES('oil8xh34hmyaie0u6gc250ccbwsq2suz','YjNlYzVhOTVkOWQ2YWJkYmEwMDhmYzE1YjE3YjM3Nzg2ODgwZWQzZDp7Il9zZXNzaW9uX2V4cGlyeSI6MCwiX2F1dGhfdXNlcl9oYXNoIjoiN2U5NzI1ZmVlMDAyMTBlMDAzNzhlNDA4YWYxMDI5MDlhZmM5NmRlMSIsIl9hdXRoX3VzZXJfYmFja2VuZCI6ImFjY291bnQuYXV0aF9iYWNrZW5kcy5Vc2VybmFtZUF1dGhlbnRpY2F0aW9uQmFja2VuZCIsIl9hdXRoX3VzZXJfaWQiOiIxMjEifQ==','2016-10-14 04:15:54.627193');
INSERT INTO django_session VALUES('r1hro2r1wy1gevds7unof4l60xo03xd2','YjNlYzVhOTVkOWQ2YWJkYmEwMDhmYzE1YjE3YjM3Nzg2ODgwZWQzZDp7Il9zZXNzaW9uX2V4cGlyeSI6MCwiX2F1dGhfdXNlcl9oYXNoIjoiN2U5NzI1ZmVlMDAyMTBlMDAzNzhlNDA4YWYxMDI5MDlhZmM5NmRlMSIsIl9hdXRoX3VzZXJfYmFja2VuZCI6ImFjY291bnQuYXV0aF9iYWNrZW5kcy5Vc2VybmFtZUF1dGhlbnRpY2F0aW9uQmFja2VuZCIsIl9hdXRoX3VzZXJfaWQiOiIxMjEifQ==','2016-10-14 14:56:00.236915');
INSERT INTO django_session VALUES('u0idqp0saicj1m93uj8jsvocymc593d2','NjQ3YzQwYzgxNmY0Y2RlOWQxODkxY2IxMWQ2NmU4YWI2ZjNhYzhiYzp7Il9zZXNzaW9uX2V4cGlyeSI6MCwiX2F1dGhfdXNlcl9oYXNoIjoiNDVlYzFkNWRkOTIxYzdkZjBmZDFlOGJmNzQwZTQ0YzM3NzIwNmMzZSIsIl9hdXRoX3VzZXJfYmFja2VuZCI6ImFjY291bnQuYXV0aF9iYWNrZW5kcy5Vc2VybmFtZUF1dGhlbnRpY2F0aW9uQmFja2VuZCIsIl9hdXRoX3VzZXJfaWQiOiI3In0=','2016-10-15 06:50:24.709450');
INSERT INTO django_session VALUES('yhxr73irosxoj9r2osw9jn9288n0gcry','YjNlYzVhOTVkOWQ2YWJkYmEwMDhmYzE1YjE3YjM3Nzg2ODgwZWQzZDp7Il9zZXNzaW9uX2V4cGlyeSI6MCwiX2F1dGhfdXNlcl9oYXNoIjoiN2U5NzI1ZmVlMDAyMTBlMDAzNzhlNDA4YWYxMDI5MDlhZmM5NmRlMSIsIl9hdXRoX3VzZXJfYmFja2VuZCI6ImFjY291bnQuYXV0aF9iYWNrZW5kcy5Vc2VybmFtZUF1dGhlbnRpY2F0aW9uQmFja2VuZCIsIl9hdXRoX3VzZXJfaWQiOiIxMjEifQ==','2016-10-16 06:23:50.131499');
INSERT INTO django_session VALUES('gwv8r2vjhy5x1l652w68rcy5a5rwaxbf','NDBjMTNkN2UxMmRkODY3NmFiNjZmMDk3ODI1MjE4NWE4MGI1NDRlNjp7Il9zZXNzaW9uX2V4cGlyeSI6MCwiX2F1dGhfdXNlcl9oYXNoIjoiYmZhMWNiOWYzODU4Mzc1N2VhZWQzNjM2NTFkN2Q5ZTU5Y2M4M2RiYSIsIl9hdXRoX3VzZXJfYmFja2VuZCI6ImFjY291bnQuYXV0aF9iYWNrZW5kcy5Vc2VybmFtZUF1dGhlbnRpY2F0aW9uQmFja2VuZCIsIl9hdXRoX3VzZXJfaWQiOiIxMTAifQ==','2016-10-16 12:32:17.476678');
INSERT INTO django_session VALUES('yr8v87i6cg5w5dbd4547k51cogl4y059','Zjg4Y2Q0ZjhkZTNmZTI1MzMwM2RmNGQ5MzBiZGRmMjU2Njc2NmFjNTp7Il9zZXNzaW9uX2V4cGlyeSI6MCwiX2F1dGhfdXNlcl9oYXNoIjoiY2IxM2Y1Mjg0YTRjMGZiYjY1Y2I1NGQ1ODg0ZWIyZDFiNDE2OGE2NiIsIl9hdXRoX3VzZXJfYmFja2VuZCI6ImFjY291bnQuYXV0aF9iYWNrZW5kcy5Vc2VybmFtZUF1dGhlbnRpY2F0aW9uQmFja2VuZCIsIl9hdXRoX3VzZXJfaWQiOiI2OSJ9','2016-10-16 20:47:18.462575');
INSERT INTO django_session VALUES('w8cxbze8f1i3rqcwq3euzwfsrt64dr36','YjNlYzVhOTVkOWQ2YWJkYmEwMDhmYzE1YjE3YjM3Nzg2ODgwZWQzZDp7Il9zZXNzaW9uX2V4cGlyeSI6MCwiX2F1dGhfdXNlcl9oYXNoIjoiN2U5NzI1ZmVlMDAyMTBlMDAzNzhlNDA4YWYxMDI5MDlhZmM5NmRlMSIsIl9hdXRoX3VzZXJfYmFja2VuZCI6ImFjY291bnQuYXV0aF9iYWNrZW5kcy5Vc2VybmFtZUF1dGhlbnRpY2F0aW9uQmFja2VuZCIsIl9hdXRoX3VzZXJfaWQiOiIxMjEifQ==','2016-10-17 04:15:49.022318');
INSERT INTO django_session VALUES('bhabbs5m4t4cm7dwbrd91m3b5ifmlxgv','ZDQxMThlMzliNzcwOWI3YWU2ZDZhZjUzZjU4NzdhMTkyYWM1NTVhMjp7Il9zZXNzaW9uX2V4cGlyeSI6MCwiX2F1dGhfdXNlcl9oYXNoIjoiZTFjNTViOGVmNTM2ZWExYjc1ZGEzN2Q4N2Y4MDdkMWI3NjcxMzJjOSIsIl9hdXRoX3VzZXJfYmFja2VuZCI6ImFjY291bnQuYXV0aF9iYWNrZW5kcy5Vc2VybmFtZUF1dGhlbnRpY2F0aW9uQmFja2VuZCIsIl9hdXRoX3VzZXJfaWQiOiIxNyJ9','2016-10-17 06:53:19.765217');
INSERT INTO django_session VALUES('7j109dsvfgivwsancaur5270kghn0k3d','MWIzOGQ5YTVkMDNmYmMzOTZiMmY1NTkwODBmOGM0MTZjZGUxMGMwOTp7Il9hdXRoX3VzZXJfaGFzaCI6ImUzYWJhNWNmMjI1NzAzYzM4MDk0OGYyM2Y4ZTRiOTIxNjZiZjcxOGYiLCJfYXV0aF91c2VyX2JhY2tlbmQiOiJhY2NvdW50LmF1dGhfYmFja2VuZHMuVXNlcm5hbWVBdXRoZW50aWNhdGlvbkJhY2tlbmQiLCJfYXV0aF91c2VyX2lkIjoiMTI0In0=','2016-10-17 12:53:10.902743');
INSERT INTO django_session VALUES('chmhqj05xmh0lbbdth1icog1eo3psx62','NDBjMTNkN2UxMmRkODY3NmFiNjZmMDk3ODI1MjE4NWE4MGI1NDRlNjp7Il9zZXNzaW9uX2V4cGlyeSI6MCwiX2F1dGhfdXNlcl9oYXNoIjoiYmZhMWNiOWYzODU4Mzc1N2VhZWQzNjM2NTFkN2Q5ZTU5Y2M4M2RiYSIsIl9hdXRoX3VzZXJfYmFja2VuZCI6ImFjY291bnQuYXV0aF9iYWNrZW5kcy5Vc2VybmFtZUF1dGhlbnRpY2F0aW9uQmFja2VuZCIsIl9hdXRoX3VzZXJfaWQiOiIxMTAifQ==','2016-10-18 12:18:25.856359');
INSERT INTO django_session VALUES('ydlisibmo068uwgz5a71rup282s6ro80','NDBjMTNkN2UxMmRkODY3NmFiNjZmMDk3ODI1MjE4NWE4MGI1NDRlNjp7Il9zZXNzaW9uX2V4cGlyeSI6MCwiX2F1dGhfdXNlcl9oYXNoIjoiYmZhMWNiOWYzODU4Mzc1N2VhZWQzNjM2NTFkN2Q5ZTU5Y2M4M2RiYSIsIl9hdXRoX3VzZXJfYmFja2VuZCI6ImFjY291bnQuYXV0aF9iYWNrZW5kcy5Vc2VybmFtZUF1dGhlbnRpY2F0aW9uQmFja2VuZCIsIl9hdXRoX3VzZXJfaWQiOiIxMTAifQ==','2016-10-18 12:46:42.426718');
INSERT INTO django_session VALUES('iixvewa5krh6qlgvf26wap8fhvch64o0','NWNiN2EzODZhZTAyNjM5MzJkNmM3ODRiY2YyOTgzZTZjMTExOWVjMzp7Il9zZXNzaW9uX2V4cGlyeSI6MCwiX2F1dGhfdXNlcl9oYXNoIjoiNTg5YjRlNjY2NDBhN2Q5NDZlZjBjNmVhNTk2MzdhNjNkZDhlOTBlOCIsIl9hdXRoX3VzZXJfYmFja2VuZCI6ImFjY291bnQuYXV0aF9iYWNrZW5kcy5Vc2VybmFtZUF1dGhlbnRpY2F0aW9uQmFja2VuZCIsIl9hdXRoX3VzZXJfaWQiOiIzOCJ9','2016-10-18 21:29:57.251188');
INSERT INTO django_session VALUES('btedwffn6j797n6bu9oseruvk1pitzxb','NDBjMTNkN2UxMmRkODY3NmFiNjZmMDk3ODI1MjE4NWE4MGI1NDRlNjp7Il9zZXNzaW9uX2V4cGlyeSI6MCwiX2F1dGhfdXNlcl9oYXNoIjoiYmZhMWNiOWYzODU4Mzc1N2VhZWQzNjM2NTFkN2Q5ZTU5Y2M4M2RiYSIsIl9hdXRoX3VzZXJfYmFja2VuZCI6ImFjY291bnQuYXV0aF9iYWNrZW5kcy5Vc2VybmFtZUF1dGhlbnRpY2F0aW9uQmFja2VuZCIsIl9hdXRoX3VzZXJfaWQiOiIxMTAifQ==','2016-10-19 08:30:42.060539');
INSERT INTO django_session VALUES('fikclvzv0ynhj2m4i50kdfavrt4i3zi4','NTA4YTNhZjRlYjRjNjQyNmFjZTNjMmRiNjMyNDFhZDFmNWM2OTQ0Yzp7Il9zZXNzaW9uX2V4cGlyeSI6MzE1MzYwMDAwLCJfYXV0aF91c2VyX2hhc2giOiJmMDg1NjVmNWJlNGE1Yzk4YmI3MDZmM2RiMmZlZTUxZjUxYjU5YTgzIiwiX2F1dGhfdXNlcl9iYWNrZW5kIjoiYWNjb3VudC5hdXRoX2JhY2tlbmRzLlVzZXJuYW1lQXV0aGVudGljYXRpb25CYWNrZW5kIiwiX2F1dGhfdXNlcl9pZCI6IjI5In0=','2026-10-03 08:43:21.488201');
INSERT INTO django_session VALUES('qt4jrninp1rqxwgsqiyob4yp25bsrkyy','NTA4YTNhZjRlYjRjNjQyNmFjZTNjMmRiNjMyNDFhZDFmNWM2OTQ0Yzp7Il9zZXNzaW9uX2V4cGlyeSI6MzE1MzYwMDAwLCJfYXV0aF91c2VyX2hhc2giOiJmMDg1NjVmNWJlNGE1Yzk4YmI3MDZmM2RiMmZlZTUxZjUxYjU5YTgzIiwiX2F1dGhfdXNlcl9iYWNrZW5kIjoiYWNjb3VudC5hdXRoX2JhY2tlbmRzLlVzZXJuYW1lQXV0aGVudGljYXRpb25CYWNrZW5kIiwiX2F1dGhfdXNlcl9pZCI6IjI5In0=','2026-10-03 08:44:04.672530');
INSERT INTO django_session VALUES('h93zw76hkpqwwa0xvotqp4uf8tpzmoxe','ZjBmMGJkZDk4MmRiZDlkZDVlOTk5NTRhNGQ1MmMxMzZkMDQxOTA3Mzp7Il9zZXNzaW9uX2V4cGlyeSI6MzE1MzYwMDAwLCJfYXV0aF91c2VyX2hhc2giOiI2MzE3MTIwOGU0NTM1YjJjMmJiZjhmODU0NWExNTFlMTBmNzBmZWM3IiwiX2F1dGhfdXNlcl9iYWNrZW5kIjoiYWNjb3VudC5hdXRoX2JhY2tlbmRzLlVzZXJuYW1lQXV0aGVudGljYXRpb25CYWNrZW5kIiwiX2F1dGhfdXNlcl9pZCI6IjM2In0=','2026-10-05 16:08:42.483182');
INSERT INTO django_session VALUES('6y4q1umh1m9rqz7t78u0dw1vlq9oyk9d','YTA1NzMyNWIzNWQzYjYyZjI5MjVhMDcyYzFlY2VmZWE1YmIxOThmYzp7Il9zZXNzaW9uX2V4cGlyeSI6MCwiX2F1dGhfdXNlcl9oYXNoIjoiMWExYjUwZDE0MDdjNjgxNjEyYjljNjYwMmQ5NDM5NmYyMWExMjM1MCIsIl9hdXRoX3VzZXJfYmFja2VuZCI6ImFjY291bnQuYXV0aF9iYWNrZW5kcy5Vc2VybmFtZUF1dGhlbnRpY2F0aW9uQmFja2VuZCIsIl9hdXRoX3VzZXJfaWQiOiI3OSJ9','2016-10-25 18:48:20.355555');
INSERT INTO django_session VALUES('8k26ahmvpduesxrv4pmgyisd7gr7hinu','NDBjMTNkN2UxMmRkODY3NmFiNjZmMDk3ODI1MjE4NWE4MGI1NDRlNjp7Il9zZXNzaW9uX2V4cGlyeSI6MCwiX2F1dGhfdXNlcl9oYXNoIjoiYmZhMWNiOWYzODU4Mzc1N2VhZWQzNjM2NTFkN2Q5ZTU5Y2M4M2RiYSIsIl9hdXRoX3VzZXJfYmFja2VuZCI6ImFjY291bnQuYXV0aF9iYWNrZW5kcy5Vc2VybmFtZUF1dGhlbnRpY2F0aW9uQmFja2VuZCIsIl9hdXRoX3VzZXJfaWQiOiIxMTAifQ==','2016-10-27 16:32:08.083284');
INSERT INTO django_session VALUES('t5uauqkbbovjpr9i7jnw8zwyzgt19wnd','MWIzOGQ5YTVkMDNmYmMzOTZiMmY1NTkwODBmOGM0MTZjZGUxMGMwOTp7Il9hdXRoX3VzZXJfaGFzaCI6ImUzYWJhNWNmMjI1NzAzYzM4MDk0OGYyM2Y4ZTRiOTIxNjZiZjcxOGYiLCJfYXV0aF91c2VyX2JhY2tlbmQiOiJhY2NvdW50LmF1dGhfYmFja2VuZHMuVXNlcm5hbWVBdXRoZW50aWNhdGlvbkJhY2tlbmQiLCJfYXV0aF91c2VyX2lkIjoiMTI0In0=','2016-11-10 15:24:21.350428');
INSERT INTO django_session VALUES('ktxo1i8jfayi91wid8rfuhja1w4essxi','YTA1NzMyNWIzNWQzYjYyZjI5MjVhMDcyYzFlY2VmZWE1YmIxOThmYzp7Il9zZXNzaW9uX2V4cGlyeSI6MCwiX2F1dGhfdXNlcl9oYXNoIjoiMWExYjUwZDE0MDdjNjgxNjEyYjljNjYwMmQ5NDM5NmYyMWExMjM1MCIsIl9hdXRoX3VzZXJfYmFja2VuZCI6ImFjY291bnQuYXV0aF9iYWNrZW5kcy5Vc2VybmFtZUF1dGhlbnRpY2F0aW9uQmFja2VuZCIsIl9hdXRoX3VzZXJfaWQiOiI3OSJ9','2016-11-16 18:14:08.654423');
INSERT INTO django_session VALUES('f1p12lktre15loavpli11igyoqc8s6vc','MWIzOGQ5YTVkMDNmYmMzOTZiMmY1NTkwODBmOGM0MTZjZGUxMGMwOTp7Il9hdXRoX3VzZXJfaGFzaCI6ImUzYWJhNWNmMjI1NzAzYzM4MDk0OGYyM2Y4ZTRiOTIxNjZiZjcxOGYiLCJfYXV0aF91c2VyX2JhY2tlbmQiOiJhY2NvdW50LmF1dGhfYmFja2VuZHMuVXNlcm5hbWVBdXRoZW50aWNhdGlvbkJhY2tlbmQiLCJfYXV0aF91c2VyX2lkIjoiMTI0In0=','2016-11-29 13:58:47.456337');
INSERT INTO django_session VALUES('wyjfeeohztro6h3uspl6z2jb6yi9ug3z','YTA1NzMyNWIzNWQzYjYyZjI5MjVhMDcyYzFlY2VmZWE1YmIxOThmYzp7Il9zZXNzaW9uX2V4cGlyeSI6MCwiX2F1dGhfdXNlcl9oYXNoIjoiMWExYjUwZDE0MDdjNjgxNjEyYjljNjYwMmQ5NDM5NmYyMWExMjM1MCIsIl9hdXRoX3VzZXJfYmFja2VuZCI6ImFjY291bnQuYXV0aF9iYWNrZW5kcy5Vc2VybmFtZUF1dGhlbnRpY2F0aW9uQmFja2VuZCIsIl9hdXRoX3VzZXJfaWQiOiI3OSJ9','2016-12-01 16:04:14.736554');
INSERT INTO django_session VALUES('tix3yhiyd3s385cbmnfm98y2m0usyt3j','ZDQzMjdhNTI1NDZhYWM5YTNlODI4ODkwNzljZWQyNTJhOTg4ZGRjMTp7Il9zZXNzaW9uX2V4cGlyeSI6MCwiX2F1dGhfdXNlcl9oYXNoIjoiZTNhYmE1Y2YyMjU3MDNjMzgwOTQ4ZjIzZjhlNGI5MjE2NmJmNzE4ZiIsIl9hdXRoX3VzZXJfYmFja2VuZCI6ImFjY291bnQuYXV0aF9iYWNrZW5kcy5Vc2VybmFtZUF1dGhlbnRpY2F0aW9uQmFja2VuZCIsIl9hdXRoX3VzZXJfaWQiOiIxMjQifQ==','2016-12-16 14:50:53.989438');
INSERT INTO django_session VALUES('msa7yz2i5z5rjk1kygkfehkc6oe9lq6l','ZDQzMjdhNTI1NDZhYWM5YTNlODI4ODkwNzljZWQyNTJhOTg4ZGRjMTp7Il9zZXNzaW9uX2V4cGlyeSI6MCwiX2F1dGhfdXNlcl9oYXNoIjoiZTNhYmE1Y2YyMjU3MDNjMzgwOTQ4ZjIzZjhlNGI5MjE2NmJmNzE4ZiIsIl9hdXRoX3VzZXJfYmFja2VuZCI6ImFjY291bnQuYXV0aF9iYWNrZW5kcy5Vc2VybmFtZUF1dGhlbnRpY2F0aW9uQmFja2VuZCIsIl9hdXRoX3VzZXJfaWQiOiIxMjQifQ==','2016-12-22 14:25:24.557779');
INSERT INTO django_session VALUES('sw74lwu06c8kxbcs6edraaxancmnd0ey','OTI1ZTZlY2Q4ZDY3NjY4NTI4ZTJjMzhiMWI2MDE1NDk2OWJhYmUwZTp7Il9hdXRoX3VzZXJfaWQiOiI1MCIsIl9hdXRoX3VzZXJfaGFzaCI6IjZhYzIxNzBkYWY0ZTMyNWZiMjk5MzJkZjMwYzk3ZWJkOWM3ZTVmYmEiLCJfYXV0aF91c2VyX2JhY2tlbmQiOiJhY2NvdW50LmF1dGhfYmFja2VuZHMuVXNlcm5hbWVBdXRoZW50aWNhdGlvbkJhY2tlbmQiLCJfc2Vzc2lvbl9leHBpcnkiOjB9','2017-01-01 21:23:31.488707');
INSERT INTO django_session VALUES('tmru4vprevc5z6dqni8ajrd0y6cp4y7c','M2FmNjZmZDg1NzliMDE5YjlmMTEwYTg0MDhjMGMxNGYzOTdmOWJjMzp7Il9zZXNzaW9uX2V4cGlyeSI6MCwiX2F1dGhfdXNlcl9oYXNoIjoiMTE4YjA5MmQ5YTZlMzJiMzQ4NDJhNzBmYjdkNzQ0YTc2MWRmM2U0NCIsIl9hdXRoX3VzZXJfYmFja2VuZCI6ImFjY291bnQuYXV0aF9iYWNrZW5kcy5Vc2VybmFtZUF1dGhlbnRpY2F0aW9uQmFja2VuZCIsIl9hdXRoX3VzZXJfaWQiOiIxIn0=','2017-02-10 10:20:49.832404');
INSERT INTO django_session VALUES('6hcve9nmt95n57melt9p49h3grfuqfr4','MWIzOGQ5YTVkMDNmYmMzOTZiMmY1NTkwODBmOGM0MTZjZGUxMGMwOTp7Il9hdXRoX3VzZXJfaGFzaCI6ImUzYWJhNWNmMjI1NzAzYzM4MDk0OGYyM2Y4ZTRiOTIxNjZiZjcxOGYiLCJfYXV0aF91c2VyX2JhY2tlbmQiOiJhY2NvdW50LmF1dGhfYmFja2VuZHMuVXNlcm5hbWVBdXRoZW50aWNhdGlvbkJhY2tlbmQiLCJfYXV0aF91c2VyX2lkIjoiMTI0In0=','2017-03-08 10:03:44.876099');
INSERT INTO django_session VALUES('fafzq31sevc3436ekzid1omkht9i7mha','M2FmNjZmZDg1NzliMDE5YjlmMTEwYTg0MDhjMGMxNGYzOTdmOWJjMzp7Il9zZXNzaW9uX2V4cGlyeSI6MCwiX2F1dGhfdXNlcl9oYXNoIjoiMTE4YjA5MmQ5YTZlMzJiMzQ4NDJhNzBmYjdkNzQ0YTc2MWRmM2U0NCIsIl9hdXRoX3VzZXJfYmFja2VuZCI6ImFjY291bnQuYXV0aF9iYWNrZW5kcy5Vc2VybmFtZUF1dGhlbnRpY2F0aW9uQmFja2VuZCIsIl9hdXRoX3VzZXJfaWQiOiIxIn0=','2018-09-30 09:05:04.178844');
INSERT INTO django_session VALUES('hm194qklyd0b6g9xmvxvregyiay79rxo','ZDQzMjdhNTI1NDZhYWM5YTNlODI4ODkwNzljZWQyNTJhOTg4ZGRjMTp7Il9zZXNzaW9uX2V4cGlyeSI6MCwiX2F1dGhfdXNlcl9oYXNoIjoiZTNhYmE1Y2YyMjU3MDNjMzgwOTQ4ZjIzZjhlNGI5MjE2NmJmNzE4ZiIsIl9hdXRoX3VzZXJfYmFja2VuZCI6ImFjY291bnQuYXV0aF9iYWNrZW5kcy5Vc2VybmFtZUF1dGhlbnRpY2F0aW9uQmFja2VuZCIsIl9hdXRoX3VzZXJfaWQiOiIxMjQifQ==','2018-10-01 07:19:56.193096');
INSERT INTO django_session VALUES('c3r9ovp28on20bnluilmamsl0dkrqdaq','ZDQzMjdhNTI1NDZhYWM5YTNlODI4ODkwNzljZWQyNTJhOTg4ZGRjMTp7Il9zZXNzaW9uX2V4cGlyeSI6MCwiX2F1dGhfdXNlcl9oYXNoIjoiZTNhYmE1Y2YyMjU3MDNjMzgwOTQ4ZjIzZjhlNGI5MjE2NmJmNzE4ZiIsIl9hdXRoX3VzZXJfYmFja2VuZCI6ImFjY291bnQuYXV0aF9iYWNrZW5kcy5Vc2VybmFtZUF1dGhlbnRpY2F0aW9uQmFja2VuZCIsIl9hdXRoX3VzZXJfaWQiOiIxMjQifQ==','2018-10-01 07:35:27.501183');
INSERT INTO django_session VALUES('a9hlgifnad0r0sfw1d0vl8angrfezzb2','MWIzOGQ5YTVkMDNmYmMzOTZiMmY1NTkwODBmOGM0MTZjZGUxMGMwOTp7Il9hdXRoX3VzZXJfaGFzaCI6ImUzYWJhNWNmMjI1NzAzYzM4MDk0OGYyM2Y4ZTRiOTIxNjZiZjcxOGYiLCJfYXV0aF91c2VyX2JhY2tlbmQiOiJhY2NvdW50LmF1dGhfYmFja2VuZHMuVXNlcm5hbWVBdXRoZW50aWNhdGlvbkJhY2tlbmQiLCJfYXV0aF91c2VyX2lkIjoiMTI0In0=','2018-10-02 10:23:44.700617');
INSERT INTO django_session VALUES('gzvebwzhbrqw7560dkj6bx62oeei4vrx','ZDQzMjdhNTI1NDZhYWM5YTNlODI4ODkwNzljZWQyNTJhOTg4ZGRjMTp7Il9zZXNzaW9uX2V4cGlyeSI6MCwiX2F1dGhfdXNlcl9oYXNoIjoiZTNhYmE1Y2YyMjU3MDNjMzgwOTQ4ZjIzZjhlNGI5MjE2NmJmNzE4ZiIsIl9hdXRoX3VzZXJfYmFja2VuZCI6ImFjY291bnQuYXV0aF9iYWNrZW5kcy5Vc2VybmFtZUF1dGhlbnRpY2F0aW9uQmFja2VuZCIsIl9hdXRoX3VzZXJfaWQiOiIxMjQifQ==','2018-11-29 13:20:39.937576');
INSERT INTO django_session VALUES('4j2g1bnsue0gyibjoky235dssthenbu4','ZDQzMjdhNTI1NDZhYWM5YTNlODI4ODkwNzljZWQyNTJhOTg4ZGRjMTp7Il9zZXNzaW9uX2V4cGlyeSI6MCwiX2F1dGhfdXNlcl9oYXNoIjoiZTNhYmE1Y2YyMjU3MDNjMzgwOTQ4ZjIzZjhlNGI5MjE2NmJmNzE4ZiIsIl9hdXRoX3VzZXJfYmFja2VuZCI6ImFjY291bnQuYXV0aF9iYWNrZW5kcy5Vc2VybmFtZUF1dGhlbnRpY2F0aW9uQmFja2VuZCIsIl9hdXRoX3VzZXJfaWQiOiIxMjQifQ==','2019-02-26 11:54:24.374954');
INSERT INTO django_session VALUES('uwwdnu86uz0j1dq5kn9o5jxfhjgub50p','ZDQzMjdhNTI1NDZhYWM5YTNlODI4ODkwNzljZWQyNTJhOTg4ZGRjMTp7Il9zZXNzaW9uX2V4cGlyeSI6MCwiX2F1dGhfdXNlcl9oYXNoIjoiZTNhYmE1Y2YyMjU3MDNjMzgwOTQ4ZjIzZjhlNGI5MjE2NmJmNzE4ZiIsIl9hdXRoX3VzZXJfYmFja2VuZCI6ImFjY291bnQuYXV0aF9iYWNrZW5kcy5Vc2VybmFtZUF1dGhlbnRpY2F0aW9uQmFja2VuZCIsIl9hdXRoX3VzZXJfaWQiOiIxMjQifQ==','2019-07-23 13:07:42.308377');
INSERT INTO django_session VALUES('8jpm1p4va0rdjjntelra4lrfi9o9idi8','ZDQzMjdhNTI1NDZhYWM5YTNlODI4ODkwNzljZWQyNTJhOTg4ZGRjMTp7Il9zZXNzaW9uX2V4cGlyeSI6MCwiX2F1dGhfdXNlcl9oYXNoIjoiZTNhYmE1Y2YyMjU3MDNjMzgwOTQ4ZjIzZjhlNGI5MjE2NmJmNzE4ZiIsIl9hdXRoX3VzZXJfYmFja2VuZCI6ImFjY291bnQuYXV0aF9iYWNrZW5kcy5Vc2VybmFtZUF1dGhlbnRpY2F0aW9uQmFja2VuZCIsIl9hdXRoX3VzZXJfaWQiOiIxMjQifQ==','2019-09-25 14:14:15.084611');
INSERT INTO django_session VALUES('5z95wj4lux4tj4r75eq14q22r2cs6kre','M2FmNjZmZDg1NzliMDE5YjlmMTEwYTg0MDhjMGMxNGYzOTdmOWJjMzp7Il9zZXNzaW9uX2V4cGlyeSI6MCwiX2F1dGhfdXNlcl9oYXNoIjoiMTE4YjA5MmQ5YTZlMzJiMzQ4NDJhNzBmYjdkNzQ0YTc2MWRmM2U0NCIsIl9hdXRoX3VzZXJfYmFja2VuZCI6ImFjY291bnQuYXV0aF9iYWNrZW5kcy5Vc2VybmFtZUF1dGhlbnRpY2F0aW9uQmFja2VuZCIsIl9hdXRoX3VzZXJfaWQiOiIxIn0=','2019-10-10 08:07:50.885471');
INSERT INTO django_session VALUES('nraw8s7y2ix603ivt8pgb0s5szr38o0n','M2FmNjZmZDg1NzliMDE5YjlmMTEwYTg0MDhjMGMxNGYzOTdmOWJjMzp7Il9zZXNzaW9uX2V4cGlyeSI6MCwiX2F1dGhfdXNlcl9oYXNoIjoiMTE4YjA5MmQ5YTZlMzJiMzQ4NDJhNzBmYjdkNzQ0YTc2MWRmM2U0NCIsIl9hdXRoX3VzZXJfYmFja2VuZCI6ImFjY291bnQuYXV0aF9iYWNrZW5kcy5Vc2VybmFtZUF1dGhlbnRpY2F0aW9uQmFja2VuZCIsIl9hdXRoX3VzZXJfaWQiOiIxIn0=','2019-10-11 13:04:39.217456');
INSERT INTO django_session VALUES('m1olvfb2zh21gxc59tedjqwa1zkiw5dt','M2FmNjZmZDg1NzliMDE5YjlmMTEwYTg0MDhjMGMxNGYzOTdmOWJjMzp7Il9zZXNzaW9uX2V4cGlyeSI6MCwiX2F1dGhfdXNlcl9oYXNoIjoiMTE4YjA5MmQ5YTZlMzJiMzQ4NDJhNzBmYjdkNzQ0YTc2MWRmM2U0NCIsIl9hdXRoX3VzZXJfYmFja2VuZCI6ImFjY291bnQuYXV0aF9iYWNrZW5kcy5Vc2VybmFtZUF1dGhlbnRpY2F0aW9uQmFja2VuZCIsIl9hdXRoX3VzZXJfaWQiOiIxIn0=','2019-10-14 13:19:13.553118');
INSERT INTO django_session VALUES('dvzl2a2ll4i9kj6jsezsqbb6kc2wkbnk','M2FmNjZmZDg1NzliMDE5YjlmMTEwYTg0MDhjMGMxNGYzOTdmOWJjMzp7Il9zZXNzaW9uX2V4cGlyeSI6MCwiX2F1dGhfdXNlcl9oYXNoIjoiMTE4YjA5MmQ5YTZlMzJiMzQ4NDJhNzBmYjdkNzQ0YTc2MWRmM2U0NCIsIl9hdXRoX3VzZXJfYmFja2VuZCI6ImFjY291bnQuYXV0aF9iYWNrZW5kcy5Vc2VybmFtZUF1dGhlbnRpY2F0aW9uQmFja2VuZCIsIl9hdXRoX3VzZXJfaWQiOiIxIn0=','2019-10-15 16:42:35.385923');
INSERT INTO django_session VALUES('ovmdopksnrw5atzaijer2mbabclrh509','NGJhOTI2ZDcwNjExYzEyNmM0OGIyNTk0YTJlNjk1OTE4N2JkNzAwODp7Il9zZXNzaW9uX2V4cGlyeSI6MzE1MzYwMDAwLCJfYXV0aF91c2VyX2hhc2giOiI3ZWQwOTYzNWQ3MmNmMzNkYWVmNDU2NzE0NTZjNzk1NTllNGVmMjM0IiwiX2F1dGhfdXNlcl9iYWNrZW5kIjoiYWNjb3VudC5hdXRoX2JhY2tlbmRzLlVzZXJuYW1lQXV0aGVudGljYXRpb25CYWNrZW5kIiwiX2F1dGhfdXNlcl9pZCI6IjEzMiJ9','2029-09-29 16:53:19.078036');
INSERT INTO django_session VALUES('13sjswdcakaep5ltnjeb74w7na8lea18','YmVlZjNiZmVjZDI4MWMzODQ0NmE3YWJhMGY2OGQ3ZTA4YzI1MDU4Yjp7IjFfcV9saXN0IjpbMSwyLDMsNCw1LDYsN10sIjFfZGF0YSI6eyJpbmNvcnJlY3RfcXVlc3Rpb25zIjpbXSwib3JkZXIiOlsxLDIsMyw0LDUsNiw3XX0sIl9hdXRoX3VzZXJfaWQiOiIxIiwiMV9zY29yZSI6MCwiX2F1dGhfdXNlcl9iYWNrZW5kIjoiYWNjb3VudC5hdXRoX2JhY2tlbmRzLlVzZXJuYW1lQXV0aGVudGljYXRpb25CYWNrZW5kIiwiX3Nlc3Npb25fZXhwaXJ5IjoyNTkyMDAsIl9hdXRoX3VzZXJfaGFzaCI6IjExOGIwOTJkOWE2ZTMyYjM0ODQyYTcwZmI3ZDc0NGE3NjFkZjNlNDQifQ==','2019-10-13 12:22:39.568398');
INSERT INTO django_session VALUES('htwpdvnwq1crb4it76df5mt8yavairw7','NzMyN2I1MmUyMWRjZDA1NTMyYzM5ODA0ODJlMTc0YjM5MDQ3Y2UyOTp7Il9zZXNzaW9uX2V4cGlyeSI6MCwiX2F1dGhfdXNlcl9oYXNoIjoiMGUzNzQ0NzdmMTgwMzYyZGZkNTg1OGI3MGU4YTMzNjg5ZDdlNWM2MiIsIl9hdXRoX3VzZXJfYmFja2VuZCI6ImFjY291bnQuYXV0aF9iYWNrZW5kcy5Vc2VybmFtZUF1dGhlbnRpY2F0aW9uQmFja2VuZCIsIl9hdXRoX3VzZXJfaWQiOiIxMzQifQ==','2019-10-25 12:37:41.310782');
INSERT INTO django_session VALUES('m21roy2qx5lryfl8w2b9o14zvjps2rdc','YWU0OTM1NjJhNzE2OWIzYmE5NjRmZmZhMzMyZjQ4ZjUwZjk4Y2Y3MDp7Il9zZXNzaW9uX2V4cGlyeSI6MCwiX2F1dGhfdXNlcl9oYXNoIjoiYzE5Mjc5MWI0MDAxZjhjMDU0YmFkZThkOGRjMWZlOGI1ZGY5NjYyZiIsIl9hdXRoX3VzZXJfYmFja2VuZCI6ImFjY291bnQuYXV0aF9iYWNrZW5kcy5Vc2VybmFtZUF1dGhlbnRpY2F0aW9uQmFja2VuZCIsIl9hdXRoX3VzZXJfaWQiOiIxMzMifQ==','2019-10-25 12:37:52.265080');
INSERT INTO django_session VALUES('ti0dgpetkwrpww0ebr8giwm9nkk6mzwj','MGQyYTY5ZTMxMmQ1ZjIxMTBmMTUwYmM2Yzc0ZGJmZjkxMWY0ZWVjMzp7IjFfcV9saXN0IjpbMSwyLDMsNCw1LDYsN10sIjFfZGF0YSI6eyJpbmNvcnJlY3RfcXVlc3Rpb25zIjpbXSwib3JkZXIiOlsxLDIsMyw0LDUsNiw3XX0sIl9hdXRoX3VzZXJfaWQiOiIxMzQiLCIxX3Njb3JlIjowLCJfYXV0aF91c2VyX2JhY2tlbmQiOiJhY2NvdW50LmF1dGhfYmFja2VuZHMuVXNlcm5hbWVBdXRoZW50aWNhdGlvbkJhY2tlbmQiLCJfc2Vzc2lvbl9leHBpcnkiOjMxNTM2MDAwMCwiX2F1dGhfdXNlcl9oYXNoIjoiMGUzNzQ0NzdmMTgwMzYyZGZkNTg1OGI3MGU4YTMzNjg5ZDdlNWM2MiJ9','2029-10-08 12:38:00.556428');
INSERT INTO django_session VALUES('lgnb0zt82yk9l9eumfbtpo7np8nbb5v3','M2FmNjZmZDg1NzliMDE5YjlmMTEwYTg0MDhjMGMxNGYzOTdmOWJjMzp7Il9zZXNzaW9uX2V4cGlyeSI6MCwiX2F1dGhfdXNlcl9oYXNoIjoiMTE4YjA5MmQ5YTZlMzJiMzQ4NDJhNzBmYjdkNzQ0YTc2MWRmM2U0NCIsIl9hdXRoX3VzZXJfYmFja2VuZCI6ImFjY291bnQuYXV0aF9iYWNrZW5kcy5Vc2VybmFtZUF1dGhlbnRpY2F0aW9uQmFja2VuZCIsIl9hdXRoX3VzZXJfaWQiOiIxIn0=','2019-10-25 13:09:50.903582');
INSERT INTO django_session VALUES('qvvkqfid983ihtaqle58pt0c219zf91l','YWU0OTM1NjJhNzE2OWIzYmE5NjRmZmZhMzMyZjQ4ZjUwZjk4Y2Y3MDp7Il9zZXNzaW9uX2V4cGlyeSI6MCwiX2F1dGhfdXNlcl9oYXNoIjoiYzE5Mjc5MWI0MDAxZjhjMDU0YmFkZThkOGRjMWZlOGI1ZGY5NjYyZiIsIl9hdXRoX3VzZXJfYmFja2VuZCI6ImFjY291bnQuYXV0aF9iYWNrZW5kcy5Vc2VybmFtZUF1dGhlbnRpY2F0aW9uQmFja2VuZCIsIl9hdXRoX3VzZXJfaWQiOiIxMzMifQ==','2019-10-25 13:11:34.766153');
INSERT INTO django_session VALUES('5t64owetxtikxzdoi3cklqk26lggdnmg','YWU0OTM1NjJhNzE2OWIzYmE5NjRmZmZhMzMyZjQ4ZjUwZjk4Y2Y3MDp7Il9zZXNzaW9uX2V4cGlyeSI6MCwiX2F1dGhfdXNlcl9oYXNoIjoiYzE5Mjc5MWI0MDAxZjhjMDU0YmFkZThkOGRjMWZlOGI1ZGY5NjYyZiIsIl9hdXRoX3VzZXJfYmFja2VuZCI6ImFjY291bnQuYXV0aF9iYWNrZW5kcy5Vc2VybmFtZUF1dGhlbnRpY2F0aW9uQmFja2VuZCIsIl9hdXRoX3VzZXJfaWQiOiIxMzMifQ==','2019-10-25 13:13:53.074321');
INSERT INTO django_session VALUES('vi7yiawmtisfm4628iuo23fp7go9isus','YWU0OTM1NjJhNzE2OWIzYmE5NjRmZmZhMzMyZjQ4ZjUwZjk4Y2Y3MDp7Il9zZXNzaW9uX2V4cGlyeSI6MCwiX2F1dGhfdXNlcl9oYXNoIjoiYzE5Mjc5MWI0MDAxZjhjMDU0YmFkZThkOGRjMWZlOGI1ZGY5NjYyZiIsIl9hdXRoX3VzZXJfYmFja2VuZCI6ImFjY291bnQuYXV0aF9iYWNrZW5kcy5Vc2VybmFtZUF1dGhlbnRpY2F0aW9uQmFja2VuZCIsIl9hdXRoX3VzZXJfaWQiOiIxMzMifQ==','2019-10-25 13:22:42.713139');
INSERT INTO django_session VALUES('z2kfvyx5jwa4bzyrtv5ek67vo4f326cj','YWU0OTM1NjJhNzE2OWIzYmE5NjRmZmZhMzMyZjQ4ZjUwZjk4Y2Y3MDp7Il9zZXNzaW9uX2V4cGlyeSI6MCwiX2F1dGhfdXNlcl9oYXNoIjoiYzE5Mjc5MWI0MDAxZjhjMDU0YmFkZThkOGRjMWZlOGI1ZGY5NjYyZiIsIl9hdXRoX3VzZXJfYmFja2VuZCI6ImFjY291bnQuYXV0aF9iYWNrZW5kcy5Vc2VybmFtZUF1dGhlbnRpY2F0aW9uQmFja2VuZCIsIl9hdXRoX3VzZXJfaWQiOiIxMzMifQ==','2019-10-25 14:41:08.140515');
INSERT INTO django_session VALUES('6hh32audb4hoj487leqmk9m2hnwqs04i','M2FmNjZmZDg1NzliMDE5YjlmMTEwYTg0MDhjMGMxNGYzOTdmOWJjMzp7Il9zZXNzaW9uX2V4cGlyeSI6MCwiX2F1dGhfdXNlcl9oYXNoIjoiMTE4YjA5MmQ5YTZlMzJiMzQ4NDJhNzBmYjdkNzQ0YTc2MWRmM2U0NCIsIl9hdXRoX3VzZXJfYmFja2VuZCI6ImFjY291bnQuYXV0aF9iYWNrZW5kcy5Vc2VybmFtZUF1dGhlbnRpY2F0aW9uQmFja2VuZCIsIl9hdXRoX3VzZXJfaWQiOiIxIn0=','2019-10-26 08:52:21.787437');
INSERT INTO django_session VALUES('a4ama0ayuvuvzh80tsiieycflcra0erf','M2FmNjZmZDg1NzliMDE5YjlmMTEwYTg0MDhjMGMxNGYzOTdmOWJjMzp7Il9zZXNzaW9uX2V4cGlyeSI6MCwiX2F1dGhfdXNlcl9oYXNoIjoiMTE4YjA5MmQ5YTZlMzJiMzQ4NDJhNzBmYjdkNzQ0YTc2MWRmM2U0NCIsIl9hdXRoX3VzZXJfYmFja2VuZCI6ImFjY291bnQuYXV0aF9iYWNrZW5kcy5Vc2VybmFtZUF1dGhlbnRpY2F0aW9uQmFja2VuZCIsIl9hdXRoX3VzZXJfaWQiOiIxIn0=','2019-10-26 16:47:40.687135');
INSERT INTO django_session VALUES('z1ncjw8ft1qiqjhlgtqqn8h9u0sqxkg3','YWU0OTM1NjJhNzE2OWIzYmE5NjRmZmZhMzMyZjQ4ZjUwZjk4Y2Y3MDp7Il9zZXNzaW9uX2V4cGlyeSI6MCwiX2F1dGhfdXNlcl9oYXNoIjoiYzE5Mjc5MWI0MDAxZjhjMDU0YmFkZThkOGRjMWZlOGI1ZGY5NjYyZiIsIl9hdXRoX3VzZXJfYmFja2VuZCI6ImFjY291bnQuYXV0aF9iYWNrZW5kcy5Vc2VybmFtZUF1dGhlbnRpY2F0aW9uQmFja2VuZCIsIl9hdXRoX3VzZXJfaWQiOiIxMzMifQ==','2019-10-26 20:59:34.719302');
INSERT INTO django_session VALUES('7fsxp62rv1ya0debo79gg5mjtuwf1jb4','YWU0OTM1NjJhNzE2OWIzYmE5NjRmZmZhMzMyZjQ4ZjUwZjk4Y2Y3MDp7Il9zZXNzaW9uX2V4cGlyeSI6MCwiX2F1dGhfdXNlcl9oYXNoIjoiYzE5Mjc5MWI0MDAxZjhjMDU0YmFkZThkOGRjMWZlOGI1ZGY5NjYyZiIsIl9hdXRoX3VzZXJfYmFja2VuZCI6ImFjY291bnQuYXV0aF9iYWNrZW5kcy5Vc2VybmFtZUF1dGhlbnRpY2F0aW9uQmFja2VuZCIsIl9hdXRoX3VzZXJfaWQiOiIxMzMifQ==','2019-10-27 14:14:18.523548');
INSERT INTO django_session VALUES('xdsfkpc9eoe1fsbf7yo6flxkqwmygnkf','YWU0OTM1NjJhNzE2OWIzYmE5NjRmZmZhMzMyZjQ4ZjUwZjk4Y2Y3MDp7Il9zZXNzaW9uX2V4cGlyeSI6MCwiX2F1dGhfdXNlcl9oYXNoIjoiYzE5Mjc5MWI0MDAxZjhjMDU0YmFkZThkOGRjMWZlOGI1ZGY5NjYyZiIsIl9hdXRoX3VzZXJfYmFja2VuZCI6ImFjY291bnQuYXV0aF9iYWNrZW5kcy5Vc2VybmFtZUF1dGhlbnRpY2F0aW9uQmFja2VuZCIsIl9hdXRoX3VzZXJfaWQiOiIxMzMifQ==','2019-10-27 14:43:51.405662');
INSERT INTO django_session VALUES('idytkxp97r5g4srvral48zmo66p9naxc','YWU0OTM1NjJhNzE2OWIzYmE5NjRmZmZhMzMyZjQ4ZjUwZjk4Y2Y3MDp7Il9zZXNzaW9uX2V4cGlyeSI6MCwiX2F1dGhfdXNlcl9oYXNoIjoiYzE5Mjc5MWI0MDAxZjhjMDU0YmFkZThkOGRjMWZlOGI1ZGY5NjYyZiIsIl9hdXRoX3VzZXJfYmFja2VuZCI6ImFjY291bnQuYXV0aF9iYWNrZW5kcy5Vc2VybmFtZUF1dGhlbnRpY2F0aW9uQmFja2VuZCIsIl9hdXRoX3VzZXJfaWQiOiIxMzMifQ==','2019-10-28 03:12:04.798325');
INSERT INTO django_session VALUES('ncahk0e4nn5o05rqvt2ijch48nj59bta','YTMwODMxM2YyZDg2MGUxZDg2OGI3YjNlNDlmMjU2ZDJhYjUzY2JkOTp7Il9zZXNzaW9uX2V4cGlyeSI6MzE1MzYwMDAwLCJfYXV0aF91c2VyX2hhc2giOiIwZTM3NDQ3N2YxODAzNjJkZmQ1ODU4YjcwZThhMzM2ODlkN2U1YzYyIiwiX2F1dGhfdXNlcl9iYWNrZW5kIjoiYWNjb3VudC5hdXRoX2JhY2tlbmRzLlVzZXJuYW1lQXV0aGVudGljYXRpb25CYWNrZW5kIiwiX2F1dGhfdXNlcl9pZCI6IjEzNCJ9','2029-10-11 06:19:34.453366');
INSERT INTO django_session VALUES('ija4zcxwbczgq6w8qfyyah1g3xf0t1cu','YWU0OTM1NjJhNzE2OWIzYmE5NjRmZmZhMzMyZjQ4ZjUwZjk4Y2Y3MDp7Il9zZXNzaW9uX2V4cGlyeSI6MCwiX2F1dGhfdXNlcl9oYXNoIjoiYzE5Mjc5MWI0MDAxZjhjMDU0YmFkZThkOGRjMWZlOGI1ZGY5NjYyZiIsIl9hdXRoX3VzZXJfYmFja2VuZCI6ImFjY291bnQuYXV0aF9iYWNrZW5kcy5Vc2VybmFtZUF1dGhlbnRpY2F0aW9uQmFja2VuZCIsIl9hdXRoX3VzZXJfaWQiOiIxMzMifQ==','2019-10-28 07:45:29.994322');
INSERT INTO django_session VALUES('36gd2nit7nruvfutfepa4d7uk9bea7ut','YWU0OTM1NjJhNzE2OWIzYmE5NjRmZmZhMzMyZjQ4ZjUwZjk4Y2Y3MDp7Il9zZXNzaW9uX2V4cGlyeSI6MCwiX2F1dGhfdXNlcl9oYXNoIjoiYzE5Mjc5MWI0MDAxZjhjMDU0YmFkZThkOGRjMWZlOGI1ZGY5NjYyZiIsIl9hdXRoX3VzZXJfYmFja2VuZCI6ImFjY291bnQuYXV0aF9iYWNrZW5kcy5Vc2VybmFtZUF1dGhlbnRpY2F0aW9uQmFja2VuZCIsIl9hdXRoX3VzZXJfaWQiOiIxMzMifQ==','2019-10-29 07:31:31.545095');
INSERT INTO django_session VALUES('13amz6pcbhv4qgtrys3647qxlzp6y3s1','YWU0OTM1NjJhNzE2OWIzYmE5NjRmZmZhMzMyZjQ4ZjUwZjk4Y2Y3MDp7Il9zZXNzaW9uX2V4cGlyeSI6MCwiX2F1dGhfdXNlcl9oYXNoIjoiYzE5Mjc5MWI0MDAxZjhjMDU0YmFkZThkOGRjMWZlOGI1ZGY5NjYyZiIsIl9hdXRoX3VzZXJfYmFja2VuZCI6ImFjY291bnQuYXV0aF9iYWNrZW5kcy5Vc2VybmFtZUF1dGhlbnRpY2F0aW9uQmFja2VuZCIsIl9hdXRoX3VzZXJfaWQiOiIxMzMifQ==','2019-10-29 08:07:12.202196');
INSERT INTO django_session VALUES('iu05otnvwbk7m44f6fmowoqtd7a5b2cb','YWU0OTM1NjJhNzE2OWIzYmE5NjRmZmZhMzMyZjQ4ZjUwZjk4Y2Y3MDp7Il9zZXNzaW9uX2V4cGlyeSI6MCwiX2F1dGhfdXNlcl9oYXNoIjoiYzE5Mjc5MWI0MDAxZjhjMDU0YmFkZThkOGRjMWZlOGI1ZGY5NjYyZiIsIl9hdXRoX3VzZXJfYmFja2VuZCI6ImFjY291bnQuYXV0aF9iYWNrZW5kcy5Vc2VybmFtZUF1dGhlbnRpY2F0aW9uQmFja2VuZCIsIl9hdXRoX3VzZXJfaWQiOiIxMzMifQ==','2019-10-31 05:53:47.321342');
INSERT INTO django_session VALUES('rs0hptd1qfnv4nifo2yjvs2on06v3awu','YWU0OTM1NjJhNzE2OWIzYmE5NjRmZmZhMzMyZjQ4ZjUwZjk4Y2Y3MDp7Il9zZXNzaW9uX2V4cGlyeSI6MCwiX2F1dGhfdXNlcl9oYXNoIjoiYzE5Mjc5MWI0MDAxZjhjMDU0YmFkZThkOGRjMWZlOGI1ZGY5NjYyZiIsIl9hdXRoX3VzZXJfYmFja2VuZCI6ImFjY291bnQuYXV0aF9iYWNrZW5kcy5Vc2VybmFtZUF1dGhlbnRpY2F0aW9uQmFja2VuZCIsIl9hdXRoX3VzZXJfaWQiOiIxMzMifQ==','2019-11-01 05:33:25.133784');
INSERT INTO django_session VALUES('ff2d8709rhbqsoxpge1a34gqr27tdr3m','ZDQzMjdhNTI1NDZhYWM5YTNlODI4ODkwNzljZWQyNTJhOTg4ZGRjMTp7Il9zZXNzaW9uX2V4cGlyeSI6MCwiX2F1dGhfdXNlcl9oYXNoIjoiZTNhYmE1Y2YyMjU3MDNjMzgwOTQ4ZjIzZjhlNGI5MjE2NmJmNzE4ZiIsIl9hdXRoX3VzZXJfYmFja2VuZCI6ImFjY291bnQuYXV0aF9iYWNrZW5kcy5Vc2VybmFtZUF1dGhlbnRpY2F0aW9uQmFja2VuZCIsIl9hdXRoX3VzZXJfaWQiOiIxMjQifQ==','2019-11-01 09:39:54.699444');
INSERT INTO django_session VALUES('dmpcuijrg54ze63boki891qibk8ifi5b','ZDQzMjdhNTI1NDZhYWM5YTNlODI4ODkwNzljZWQyNTJhOTg4ZGRjMTp7Il9zZXNzaW9uX2V4cGlyeSI6MCwiX2F1dGhfdXNlcl9oYXNoIjoiZTNhYmE1Y2YyMjU3MDNjMzgwOTQ4ZjIzZjhlNGI5MjE2NmJmNzE4ZiIsIl9hdXRoX3VzZXJfYmFja2VuZCI6ImFjY291bnQuYXV0aF9iYWNrZW5kcy5Vc2VybmFtZUF1dGhlbnRpY2F0aW9uQmFja2VuZCIsIl9hdXRoX3VzZXJfaWQiOiIxMjQifQ==','2019-11-01 20:48:49.513800');
INSERT INTO django_session VALUES('xjp1iwcpx0225fvs9ugcoabvx1nl1a5b','M2FmNjZmZDg1NzliMDE5YjlmMTEwYTg0MDhjMGMxNGYzOTdmOWJjMzp7Il9zZXNzaW9uX2V4cGlyeSI6MCwiX2F1dGhfdXNlcl9oYXNoIjoiMTE4YjA5MmQ5YTZlMzJiMzQ4NDJhNzBmYjdkNzQ0YTc2MWRmM2U0NCIsIl9hdXRoX3VzZXJfYmFja2VuZCI6ImFjY291bnQuYXV0aF9iYWNrZW5kcy5Vc2VybmFtZUF1dGhlbnRpY2F0aW9uQmFja2VuZCIsIl9hdXRoX3VzZXJfaWQiOiIxIn0=','2019-11-02 18:55:18.824145');
INSERT INTO django_session VALUES('e0b7i8mwh1hrnzap3qns0oc8ufut5h7h','M2FmNjZmZDg1NzliMDE5YjlmMTEwYTg0MDhjMGMxNGYzOTdmOWJjMzp7Il9zZXNzaW9uX2V4cGlyeSI6MCwiX2F1dGhfdXNlcl9oYXNoIjoiMTE4YjA5MmQ5YTZlMzJiMzQ4NDJhNzBmYjdkNzQ0YTc2MWRmM2U0NCIsIl9hdXRoX3VzZXJfYmFja2VuZCI6ImFjY291bnQuYXV0aF9iYWNrZW5kcy5Vc2VybmFtZUF1dGhlbnRpY2F0aW9uQmFja2VuZCIsIl9hdXRoX3VzZXJfaWQiOiIxIn0=','2019-11-05 20:40:49.284388');
INSERT INTO django_session VALUES('luh5c0176guycnhunw45pvw33iq0am3d','YTdjY2NmYWJiYmE0NTZhZTNlYjM1NDFjOWYwMWNlZTY1MDNlMjVmYjp7Il9hdXRoX3VzZXJfaGFzaCI6IjExOGIwOTJkOWE2ZTMyYjM0ODQyYTcwZmI3ZDc0NGE3NjFkZjNlNDQiLCJfYXV0aF91c2VyX2JhY2tlbmQiOiJhY2NvdW50LmF1dGhfYmFja2VuZHMuVXNlcm5hbWVBdXRoZW50aWNhdGlvbkJhY2tlbmQiLCJfYXV0aF91c2VyX2lkIjoiMSJ9','2019-11-11 15:13:21.482536');
INSERT INTO django_session VALUES('158gwszdsflayg5kxy4gzlu61h0h565k','YTdjY2NmYWJiYmE0NTZhZTNlYjM1NDFjOWYwMWNlZTY1MDNlMjVmYjp7Il9hdXRoX3VzZXJfaGFzaCI6IjExOGIwOTJkOWE2ZTMyYjM0ODQyYTcwZmI3ZDc0NGE3NjFkZjNlNDQiLCJfYXV0aF91c2VyX2JhY2tlbmQiOiJhY2NvdW50LmF1dGhfYmFja2VuZHMuVXNlcm5hbWVBdXRoZW50aWNhdGlvbkJhY2tlbmQiLCJfYXV0aF91c2VyX2lkIjoiMSJ9','2019-11-13 09:14:10.393129');
INSERT INTO django_session VALUES('lt29kfv114dnddnwkewh9v6uzgv4w5fd','M2FmNjZmZDg1NzliMDE5YjlmMTEwYTg0MDhjMGMxNGYzOTdmOWJjMzp7Il9zZXNzaW9uX2V4cGlyeSI6MCwiX2F1dGhfdXNlcl9oYXNoIjoiMTE4YjA5MmQ5YTZlMzJiMzQ4NDJhNzBmYjdkNzQ0YTc2MWRmM2U0NCIsIl9hdXRoX3VzZXJfYmFja2VuZCI6ImFjY291bnQuYXV0aF9iYWNrZW5kcy5Vc2VybmFtZUF1dGhlbnRpY2F0aW9uQmFja2VuZCIsIl9hdXRoX3VzZXJfaWQiOiIxIn0=','2019-12-14 19:42:25.638052');
INSERT INTO django_session VALUES('4q4q2fmnpdl7stsh7bw3jh16ocdc0bna','M2FmNjZmZDg1NzliMDE5YjlmMTEwYTg0MDhjMGMxNGYzOTdmOWJjMzp7Il9zZXNzaW9uX2V4cGlyeSI6MCwiX2F1dGhfdXNlcl9oYXNoIjoiMTE4YjA5MmQ5YTZlMzJiMzQ4NDJhNzBmYjdkNzQ0YTc2MWRmM2U0NCIsIl9hdXRoX3VzZXJfYmFja2VuZCI6ImFjY291bnQuYXV0aF9iYWNrZW5kcy5Vc2VybmFtZUF1dGhlbnRpY2F0aW9uQmFja2VuZCIsIl9hdXRoX3VzZXJfaWQiOiIxIn0=','2020-02-03 11:43:21.063200');
INSERT INTO django_session VALUES('25ti7k3xrbphc0dlhv2dkpcxt379i7gg','ZDQzMjdhNTI1NDZhYWM5YTNlODI4ODkwNzljZWQyNTJhOTg4ZGRjMTp7Il9zZXNzaW9uX2V4cGlyeSI6MCwiX2F1dGhfdXNlcl9oYXNoIjoiZTNhYmE1Y2YyMjU3MDNjMzgwOTQ4ZjIzZjhlNGI5MjE2NmJmNzE4ZiIsIl9hdXRoX3VzZXJfYmFja2VuZCI6ImFjY291bnQuYXV0aF9iYWNrZW5kcy5Vc2VybmFtZUF1dGhlbnRpY2F0aW9uQmFja2VuZCIsIl9hdXRoX3VzZXJfaWQiOiIxMjQifQ==','2020-10-16 08:40:35.194326');
INSERT INTO django_session VALUES('g2qd7lvp2z9mwsydl54lsmzmzj0kjqqs','ZDA4OWY5M2RlZWRmOGYyZTBkMjA2ZDIyZmI2OWMzM2RkNTNjZDJiNDp7Il9zZXNzaW9uX2V4cGlyeSI6MCwiX2F1dGhfdXNlcl9oYXNoIjoiNWM3MGExNDVhNTQyMTllZWI1N2UyZmM1NzljMTY5NjJmZDI4Y2NmMyIsIl9hdXRoX3VzZXJfYmFja2VuZCI6ImFjY291bnQuYXV0aF9iYWNrZW5kcy5Vc2VybmFtZUF1dGhlbnRpY2F0aW9uQmFja2VuZCIsIl9hdXRoX3VzZXJfaWQiOiIxMzUifQ==','2020-10-16 08:43:56.347375');
INSERT INTO django_session VALUES('njhsab3hley4ptq93y31zz891bprewsc','M2FmNjZmZDg1NzliMDE5YjlmMTEwYTg0MDhjMGMxNGYzOTdmOWJjMzp7Il9zZXNzaW9uX2V4cGlyeSI6MCwiX2F1dGhfdXNlcl9oYXNoIjoiMTE4YjA5MmQ5YTZlMzJiMzQ4NDJhNzBmYjdkNzQ0YTc2MWRmM2U0NCIsIl9hdXRoX3VzZXJfYmFja2VuZCI6ImFjY291bnQuYXV0aF9iYWNrZW5kcy5Vc2VybmFtZUF1dGhlbnRpY2F0aW9uQmFja2VuZCIsIl9hdXRoX3VzZXJfaWQiOiIxIn0=','2020-10-29 14:58:25.729263');
INSERT INTO django_session VALUES('woieg94fb04kxjhoeezanis7nhq6yqh3','YWZiNWUyNjYzYTgzNWYwMjY3YmQ5Y2FiMmVkMzIxYzVmMzBhYzExNTp7Il9zZXNzaW9uX2V4cGlyeSI6MCwiX2F1dGhfdXNlcl9oYXNoIjoiNWFlN2U1Y2VhZTBjZjg2YWEwODg2ZjZmNjg2ZTQ3OGY1Y2NlYjUyMiIsIl9hdXRoX3VzZXJfYmFja2VuZCI6ImFjY291bnQuYXV0aF9iYWNrZW5kcy5Vc2VybmFtZUF1dGhlbnRpY2F0aW9uQmFja2VuZCIsIl9hdXRoX3VzZXJfaWQiOiIxMzYifQ==','2020-10-29 17:29:27.601940');
INSERT INTO django_session VALUES('9mbh25i7pb9l2rovf1b1534844j75vdl','M2FmNjZmZDg1NzliMDE5YjlmMTEwYTg0MDhjMGMxNGYzOTdmOWJjMzp7Il9zZXNzaW9uX2V4cGlyeSI6MCwiX2F1dGhfdXNlcl9oYXNoIjoiMTE4YjA5MmQ5YTZlMzJiMzQ4NDJhNzBmYjdkNzQ0YTc2MWRmM2U0NCIsIl9hdXRoX3VzZXJfYmFja2VuZCI6ImFjY291bnQuYXV0aF9iYWNrZW5kcy5Vc2VybmFtZUF1dGhlbnRpY2F0aW9uQmFja2VuZCIsIl9hdXRoX3VzZXJfaWQiOiIxIn0=','2020-11-09 13:54:52.218949');
INSERT INTO django_session VALUES('f2bw0lvc61z8tnyalv53bbs31zpcvy5y','ZDA4OWY5M2RlZWRmOGYyZTBkMjA2ZDIyZmI2OWMzM2RkNTNjZDJiNDp7Il9zZXNzaW9uX2V4cGlyeSI6MCwiX2F1dGhfdXNlcl9oYXNoIjoiNWM3MGExNDVhNTQyMTllZWI1N2UyZmM1NzljMTY5NjJmZDI4Y2NmMyIsIl9hdXRoX3VzZXJfYmFja2VuZCI6ImFjY291bnQuYXV0aF9iYWNrZW5kcy5Vc2VybmFtZUF1dGhlbnRpY2F0aW9uQmFja2VuZCIsIl9hdXRoX3VzZXJfaWQiOiIxMzUifQ==','2020-11-11 22:14:35.074328');
INSERT INTO django_session VALUES('a0jc242l659fwpjzhytmaj9f19z7pjf0','ZDA4OWY5M2RlZWRmOGYyZTBkMjA2ZDIyZmI2OWMzM2RkNTNjZDJiNDp7Il9zZXNzaW9uX2V4cGlyeSI6MCwiX2F1dGhfdXNlcl9oYXNoIjoiNWM3MGExNDVhNTQyMTllZWI1N2UyZmM1NzljMTY5NjJmZDI4Y2NmMyIsIl9hdXRoX3VzZXJfYmFja2VuZCI6ImFjY291bnQuYXV0aF9iYWNrZW5kcy5Vc2VybmFtZUF1dGhlbnRpY2F0aW9uQmFja2VuZCIsIl9hdXRoX3VzZXJfaWQiOiIxMzUifQ==','2020-11-23 08:52:34.703933');
INSERT INTO django_session VALUES('8met8w9tg9qspvmu5jy5orhx9ic5tq67','.eJxVjMEOwiAQBf-FsyEsBUp79O43kAUWixowpU00xn_XJj3o9c28eTGH6zK5tdHscmQjA3b43TyGK5UNxAuWc-WhlmXOnm8K32njpxrpdtzdv8CEbfq-FXrtdZARo9CdVqCU7VXUgDYYk7ADK02PCaURNAiSgxJpCAAqJCuh36KNWsu1OHrc8_xko3h_AG-FPnE:1lWJyk:xZhO3dNmK0Io8D3gWhT6iLoImYDPXg2WxADtt1Cn6cQ','2021-04-27 14:25:22.387964');
INSERT INTO django_session VALUES('31t08odkjy7f087ghzga7ls2rqjb9gho','.eJxVjMEOwiAQBf-FsyEsBUp79O43kAUWixowpU00xn_XJj3o9c28eTGH6zK5tdHscmQjA3b43TyGK5UNxAuWc-WhlmXOnm8K32njpxrpdtzdv8CEbfq-FXrtdZARo9CdVqCU7VXUgDYYk7ADK02PCaURNAiSgxJpCAAqJCuh36KNWsu1OHrc8_xko3h_AG-FPnE:1lXLe8:EO90UXfL7OsAudayWX5A5v8wOrjZuHzEES5Oa15Yoa0','2021-04-30 10:24:20.128034');
INSERT INTO django_session VALUES('r507dkync3jqm1ohcr7heyrmlkv4hop4','.eJxVjMsOgjAQRf-la9NQ-3DK0r3f0HSYQaqmJRQSjfHfhYSFbs85975FiMs8hKXyFBKJVihx-GUYuzvnTdAt5muRXcnzlFBuidxtlZdC_Djv7d_BEOuwrlGT6T2Q7U_KAzTeonEAR0PKenAa1IrZNg7Z2EjaMpuIjB6ZgLzeTivXmkoO_BzT9BJt8_kCZqE-3g:1lf0qS:l4hsiw_spNu8v383tsRglv65B5pFqfDbvzB5JZ0_HiE','2021-05-21 13:48:44.197538');
INSERT INTO django_session VALUES('xu4jh30wow3oqbsmi83tqfoh4sjs5q7a','.eJxVjEEOwiAURO_C2hCgFUqX7j0D-Xw-ghowpU00xrvbJl3objLz5r2Zg2VObmk0uRzYyAw7_HYe8EZlG8IVyqVyrGWesucbwve18XMNdD_t7J8gQUvrO3oZFaC3EHrogo6SvLIyGqM6oUEZrXtvhyhAE3ZAw5oVCkCLR6NBbNJGreVaHD0feXqxUXy-we0_0g:1mFbVC:XRuC8mAUHtcNu_oWD9BNkxYGNWnn-___Rp19YZhbVXQ','2021-08-30 12:14:02.307717');
INSERT INTO django_session VALUES('19ljaw5j8j0qil2ibk36m9ey6ezqdwge','.eJxVjEEOwiAURO_C2hCgFUqX7j0D-Xw-ghowpU00xrvbJl3objLz5r2Zg2VObmk0uRzYyAw7_HYe8EZlG8IVyqVyrGWesucbwve18XMNdD_t7J8gQUvrO3oZFaC3EHrogo6SvLIyGqM6oUEZrXtvhyhAE3ZAw5oVCkCLR6NBbNJGreVaHD0feXqxUXy-we0_0g:1mFirL:ZL61o07uxRwDU54LA8hEw8_eNfeR2I9GE7ezgpblh1E','2021-08-30 20:05:23.124645');
CREATE TABLE IF NOT EXISTS "django_site" ("id" integer NOT NULL PRIMARY KEY AUTOINCREMENT, "name" varchar(50) NOT NULL, "domain" varchar(100) NOT NULL UNIQUE);
INSERT INTO django_site VALUES(1,'ecs3symm','ecs3symm.com.hr');
INSERT INTO django_site VALUES(2,'ecs3symm','localhost');
CREATE TABLE IF NOT EXISTS "tasks_task1play" ("id" integer NOT NULL PRIMARY KEY AUTOINCREMENT, "start" datetime NOT NULL, "right" integer unsigned NOT NULL, "wrong" integer unsigned NOT NULL, "end" datetime NULL, "finished" bool NOT NULL, "user_id" integer NOT NULL REFERENCES "auth_user" ("id"), "duration" bigint NULL);
INSERT INTO tasks_task1play VALUES(20,'2016-09-25 09:30:55.206516',0,0,NULL,0,13,NULL);
INSERT INTO tasks_task1play VALUES(21,'2016-09-25 16:12:57.031723',0,0,NULL,0,121,NULL);
INSERT INTO tasks_task1play VALUES(22,'2016-09-25 16:13:29.610250',0,1,NULL,0,121,NULL);
INSERT INTO tasks_task1play VALUES(23,'2016-09-25 16:14:00.477616',0,0,NULL,0,121,NULL);
INSERT INTO tasks_task1play VALUES(24,'2016-09-25 16:21:47.403654',1,4,NULL,0,59,NULL);
INSERT INTO tasks_task1play VALUES(25,'2016-09-25 16:23:22.498611',1,0,NULL,0,87,NULL);
INSERT INTO tasks_task1play VALUES(26,'2016-09-25 16:25:06.566285',1,3,NULL,0,59,NULL);
INSERT INTO tasks_task1play VALUES(27,'2016-09-25 16:25:29.154204',0,1,NULL,0,59,NULL);
INSERT INTO tasks_task1play VALUES(28,'2016-09-25 16:27:37.881181',14,20,'2016-09-25 16:41:05.845290',1,49,807964109);
INSERT INTO tasks_task1play VALUES(29,'2016-09-25 16:27:51.457475',0,0,NULL,0,73,NULL);
INSERT INTO tasks_task1play VALUES(30,'2016-09-25 16:28:07.136765',4,13,NULL,0,115,NULL);
INSERT INTO tasks_task1play VALUES(31,'2016-09-25 16:28:17.287481',0,0,NULL,0,35,NULL);
INSERT INTO tasks_task1play VALUES(32,'2016-09-25 16:28:51.369195',1,0,NULL,0,7,NULL);
INSERT INTO tasks_task1play VALUES(33,'2016-09-25 16:28:54.211678',2,5,NULL,0,59,NULL);
INSERT INTO tasks_task1play VALUES(34,'2016-09-25 16:29:35.928437',1,8,NULL,0,102,NULL);
INSERT INTO tasks_task1play VALUES(35,'2016-09-25 16:29:37.429588',6,7,'2016-09-25 16:43:46.997830',1,125,849568242);
INSERT INTO tasks_task1play VALUES(36,'2016-09-25 16:29:43.153643',8,49,NULL,0,10,NULL);
INSERT INTO tasks_task1play VALUES(37,'2016-09-25 16:29:44.001512',14,52,'2016-09-25 16:40:39.937633',1,126,655936121);
INSERT INTO tasks_task1play VALUES(38,'2016-09-25 16:29:45.876160',0,1,NULL,0,110,NULL);
INSERT INTO tasks_task1play VALUES(39,'2016-09-25 16:30:35.990552',5,9,'2016-09-25 16:46:25.459117',1,96,949468565);
INSERT INTO tasks_task1play VALUES(40,'2016-09-25 16:30:55.039142',5,9,NULL,0,92,NULL);
INSERT INTO tasks_task1play VALUES(41,'2016-09-25 16:31:09.842079',0,10,NULL,0,62,NULL);
INSERT INTO tasks_task1play VALUES(42,'2016-09-25 16:31:16.198673',5,15,'2016-09-25 16:45:00.528792',1,36,824330119);
INSERT INTO tasks_task1play VALUES(43,'2016-09-25 16:31:28.342871',1,13,NULL,0,59,NULL);
INSERT INTO tasks_task1play VALUES(44,'2016-09-25 16:31:31.363042',17,10,'2016-09-25 16:41:07.081740',1,80,575718698);
INSERT INTO tasks_task1play VALUES(45,'2016-09-25 16:31:35.698054',17,84,'2016-09-25 16:38:38.747233',1,70,423049179);
INSERT INTO tasks_task1play VALUES(46,'2016-09-25 16:31:37.233031',0,3,NULL,0,12,NULL);
INSERT INTO tasks_task1play VALUES(47,'2016-09-25 16:32:10.544159',0,7,NULL,0,64,NULL);
INSERT INTO tasks_task1play VALUES(48,'2016-09-25 16:32:14.298915',8,3,NULL,0,69,NULL);
INSERT INTO tasks_task1play VALUES(49,'2016-09-25 16:32:23.970557',0,0,NULL,0,88,NULL);
INSERT INTO tasks_task1play VALUES(50,'2016-09-25 16:32:42.094327',5,7,'2016-09-25 16:44:28.170556',1,110,706076229);
INSERT INTO tasks_task1play VALUES(51,'2016-09-25 16:32:47.780812',8,32,NULL,0,62,NULL);
INSERT INTO tasks_task1play VALUES(52,'2016-09-25 16:33:01.703085',1,4,NULL,0,74,NULL);
INSERT INTO tasks_task1play VALUES(53,'2016-09-25 16:33:03.640392',0,1,NULL,0,59,NULL);
INSERT INTO tasks_task1play VALUES(54,'2016-09-25 16:33:11.794605',5,10,'2016-09-25 16:46:11.385861',1,39,779591256);
INSERT INTO tasks_task1play VALUES(55,'2016-09-25 16:33:24.756611',1,7,NULL,0,11,NULL);
INSERT INTO tasks_task1play VALUES(56,'2016-09-25 16:33:36.570359',12,5,'2016-09-25 16:43:32.928217',1,41,596357858);
INSERT INTO tasks_task1play VALUES(57,'2016-09-25 16:33:39.008946',5,12,'2016-09-25 16:44:09.575780',1,106,630566834);
INSERT INTO tasks_task1play VALUES(58,'2016-09-25 16:33:44.641506',0,2,NULL,0,59,NULL);
INSERT INTO tasks_task1play VALUES(59,'2016-09-25 16:33:50.422726',7,13,'2016-09-25 16:42:25.274353',1,72,514851627);
INSERT INTO tasks_task1play VALUES(60,'2016-09-25 16:33:55.155695',1,2,NULL,0,87,NULL);
INSERT INTO tasks_task1play VALUES(61,'2016-09-25 16:33:58.352607',5,17,'2016-09-25 16:46:40.487753',1,45,762135146);
INSERT INTO tasks_task1play VALUES(62,'2016-09-25 16:34:08.820099',3,5,NULL,0,50,NULL);
INSERT INTO tasks_task1play VALUES(63,'2016-09-25 16:34:16.695291',0,3,NULL,0,97,NULL);
INSERT INTO tasks_task1play VALUES(64,'2016-09-25 16:34:49.344596',12,18,'2016-09-25 16:40:34.276469',1,29,344931873);
INSERT INTO tasks_task1play VALUES(65,'2016-09-25 16:34:51.659944',7,8,'2016-09-25 16:40:45.057693',1,64,353397749);
INSERT INTO tasks_task1play VALUES(66,'2016-09-25 16:34:51.992283',0,2,NULL,0,21,NULL);
INSERT INTO tasks_task1play VALUES(67,'2016-09-25 16:35:36.057871',0,0,NULL,0,21,NULL);
INSERT INTO tasks_task1play VALUES(68,'2016-09-25 16:35:38.309083',5,8,'2016-09-25 16:47:42.584366',1,84,724275283);
INSERT INTO tasks_task1play VALUES(69,'2016-09-25 16:35:46.478663',5,7,'2016-09-25 16:42:04.400474',1,23,377921811);
INSERT INTO tasks_task1play VALUES(70,'2016-09-25 16:35:57.675100',13,19,NULL,0,98,NULL);
INSERT INTO tasks_task1play VALUES(71,'2016-09-25 16:36:09.401555',8,2,'2016-09-25 16:40:32.790313',1,103,263388758);
INSERT INTO tasks_task1play VALUES(72,'2016-09-25 16:36:15.666571',3,4,NULL,0,102,NULL);
INSERT INTO tasks_task1play VALUES(73,'2016-09-25 16:36:36.813235',2,5,NULL,0,90,NULL);
INSERT INTO tasks_task1play VALUES(74,'2016-09-25 16:37:04.855679',1,4,NULL,0,21,NULL);
INSERT INTO tasks_task1play VALUES(75,'2016-09-25 16:37:23.886849',0,2,NULL,0,59,NULL);
INSERT INTO tasks_task1play VALUES(76,'2016-09-25 16:38:07.443475',0,0,NULL,0,21,NULL);
INSERT INTO tasks_task1play VALUES(77,'2016-09-25 16:38:18.112072',1,16,NULL,0,35,NULL);
INSERT INTO tasks_task1play VALUES(78,'2016-09-25 16:38:38.790479',2,4,NULL,0,74,NULL);
INSERT INTO tasks_task1play VALUES(79,'2016-09-25 16:38:43.619429',2,1,NULL,0,21,NULL);
INSERT INTO tasks_task1play VALUES(80,'2016-09-25 16:38:44.160947',4,21,NULL,0,62,NULL);
INSERT INTO tasks_task1play VALUES(81,'2016-09-25 16:38:55.055271',0,3,NULL,0,63,NULL);
INSERT INTO tasks_task1play VALUES(82,'2016-09-25 16:39:08.092293',5,3,'2016-09-25 16:41:08.005664',1,70,119913371);
INSERT INTO tasks_task1play VALUES(83,'2016-09-25 16:40:13.784238',1,4,NULL,0,59,NULL);
INSERT INTO tasks_task1play VALUES(84,'2016-09-25 16:40:16.463535',0,0,NULL,0,25,NULL);
INSERT INTO tasks_task1play VALUES(85,'2016-09-25 16:40:44.977947',5,6,'2016-09-25 16:43:26.467396',1,29,161489449);
INSERT INTO tasks_task1play VALUES(86,'2016-09-25 16:40:46.212414',3,8,NULL,0,11,NULL);
INSERT INTO tasks_task1play VALUES(87,'2016-09-25 16:40:53.336622',5,2,'2016-09-25 16:42:28.984321',1,74,95647699);
INSERT INTO tasks_task1play VALUES(88,'2016-09-25 16:40:56.616170',0,5,NULL,0,98,NULL);
INSERT INTO tasks_task1play VALUES(89,'2016-09-25 16:40:58.362239',5,2,'2016-09-25 16:44:43.341746',1,115,224979507);
INSERT INTO tasks_task1play VALUES(90,'2016-09-25 16:41:00.081866',0,11,NULL,0,89,NULL);
INSERT INTO tasks_task1play VALUES(91,'2016-09-25 16:41:02.017723',5,1,'2016-09-25 16:42:20.064491',1,90,78046768);
INSERT INTO tasks_task1play VALUES(92,'2016-09-25 16:41:04.913828',5,1,'2016-09-25 16:44:15.351327',1,92,190437499);
INSERT INTO tasks_task1play VALUES(93,'2016-09-25 16:41:05.970873',5,3,'2016-09-25 16:43:06.460307',1,64,120489434);
INSERT INTO tasks_task1play VALUES(94,'2016-09-25 16:41:07.504180',5,2,'2016-09-25 16:44:45.998813',1,50,218494633);
INSERT INTO tasks_task1play VALUES(95,'2016-09-25 16:41:23.466734',0,4,NULL,0,62,NULL);
INSERT INTO tasks_task1play VALUES(96,'2016-09-25 16:41:24.352103',5,4,'2016-09-25 16:43:38.589806',1,49,134237703);
INSERT INTO tasks_task1play VALUES(97,'2016-09-25 16:41:37.011248',5,6,'2016-09-25 16:46:24.120123',1,63,287108875);
INSERT INTO tasks_task1play VALUES(98,'2016-09-25 16:41:44.398685',5,25,'2016-09-25 16:43:55.831966',1,80,131433281);
INSERT INTO tasks_task1play VALUES(99,'2016-09-25 16:41:44.460693',1,4,NULL,0,98,NULL);
INSERT INTO tasks_task1play VALUES(100,'2016-09-25 16:41:55.023070',4,13,NULL,0,70,NULL);
INSERT INTO tasks_task1play VALUES(101,'2016-09-25 16:41:58.661104',0,0,NULL,0,25,NULL);
INSERT INTO tasks_task1play VALUES(102,'2016-09-25 16:41:58.865684',0,4,NULL,0,102,NULL);
INSERT INTO tasks_task1play VALUES(103,'2016-09-25 16:42:02.466066',5,41,'2016-09-25 16:46:20.945501',1,126,258479435);
INSERT INTO tasks_task1play VALUES(104,'2016-09-25 16:42:04.324311',5,7,'2016-09-25 16:45:38.950290',1,11,214625979);
INSERT INTO tasks_task1play VALUES(105,'2016-09-25 16:42:11.752448',5,15,'2016-09-25 16:48:44.257796',1,23,392505348);
INSERT INTO tasks_task1play VALUES(106,'2016-09-25 16:42:14.193617',5,14,'2016-09-25 16:44:04.830629',1,98,110637012);
INSERT INTO tasks_task1play VALUES(107,'2016-09-25 16:42:42.685721',5,14,'2016-09-25 16:51:09.346080',1,35,506660359);
INSERT INTO tasks_task1play VALUES(108,'2016-09-25 16:42:45.190289',5,4,'2016-09-25 16:43:54.897902',1,72,69707613);
INSERT INTO tasks_task1play VALUES(109,'2016-09-25 16:42:58.538201',5,4,'2016-09-25 16:47:36.676838',1,103,278138637);
INSERT INTO tasks_task1play VALUES(110,'2016-09-25 16:43:00.030552',5,5,'2016-09-25 16:44:37.692048',1,74,97661496);
INSERT INTO tasks_task1play VALUES(111,'2016-09-25 16:43:01.905912',0,2,NULL,0,90,NULL);
INSERT INTO tasks_task1play VALUES(112,'2016-09-25 16:43:09.372910',3,4,NULL,0,62,NULL);
INSERT INTO tasks_task1play VALUES(113,'2016-09-25 16:43:23.393912',1,13,NULL,0,21,NULL);
INSERT INTO tasks_task1play VALUES(114,'2016-09-25 16:43:25.393419',0,4,NULL,0,64,NULL);
INSERT INTO tasks_task1play VALUES(115,'2016-09-25 16:43:31.369112',5,8,'2016-09-25 16:47:33.207715',1,89,241838603);
INSERT INTO tasks_task1play VALUES(116,'2016-09-25 16:43:31.542992',5,12,'2016-09-25 16:51:30.684438',1,102,479141446);
INSERT INTO tasks_task1play VALUES(117,'2016-09-25 16:43:32.244660',5,8,'2016-09-25 16:45:50.009170',1,29,137764510);
INSERT INTO tasks_task1play VALUES(118,'2016-09-25 16:43:38.139213',5,16,'2016-09-25 16:50:09.201028',1,41,391061815);
INSERT INTO tasks_task1play VALUES(119,'2016-09-25 16:43:46.384922',3,5,NULL,0,69,NULL);
INSERT INTO tasks_task1play VALUES(120,'2016-09-25 16:43:49.810444',5,4,'2016-09-25 16:45:37.862897',1,49,108052453);
INSERT INTO tasks_task1play VALUES(121,'2016-09-25 16:43:50.144118',3,8,NULL,0,70,NULL);
INSERT INTO tasks_task1play VALUES(122,'2016-09-25 16:43:58.045073',5,10,'2016-09-25 16:48:54.922688',1,125,296877615);
INSERT INTO tasks_task1play VALUES(123,'2016-09-25 16:44:00.451862',0,2,NULL,0,25,NULL);
INSERT INTO tasks_task1play VALUES(124,'2016-09-25 16:44:01.996937',5,5,'2016-09-25 16:45:53.218824',1,80,111221887);
INSERT INTO tasks_task1play VALUES(125,'2016-09-25 16:44:09.273336',5,9,'2016-09-25 16:46:35.085940',1,72,145812604);
INSERT INTO tasks_task1play VALUES(126,'2016-09-25 16:44:14.427280',5,18,'2016-09-25 16:49:18.498847',1,106,304071567);
INSERT INTO tasks_task1play VALUES(127,'2016-09-25 16:44:24.476773',5,6,'2016-09-25 16:46:38.990467',1,64,134513694);
INSERT INTO tasks_task1play VALUES(128,'2016-09-25 16:44:30.446019',5,7,'2016-09-25 16:51:06.528649',1,92,396082630);
INSERT INTO tasks_task1play VALUES(129,'2016-09-25 16:44:30.472252',2,9,NULL,0,98,NULL);
INSERT INTO tasks_task1play VALUES(130,'2016-09-25 16:44:33.308865',4,3,NULL,0,90,NULL);
INSERT INTO tasks_task1play VALUES(131,'2016-09-25 16:44:43.319523',5,3,'2016-09-25 16:48:12.006373',1,110,208686850);
INSERT INTO tasks_task1play VALUES(132,'2016-09-25 16:44:43.422549',5,4,'2016-09-25 16:45:48.873061',1,70,65450512);
INSERT INTO tasks_task1play VALUES(133,'2016-09-25 16:44:47.746667',1,3,NULL,0,59,NULL);
INSERT INTO tasks_task1play VALUES(134,'2016-09-25 16:45:10.650537',1,4,NULL,0,98,NULL);
INSERT INTO tasks_task1play VALUES(135,'2016-09-25 16:45:16.859835',5,7,'2016-09-25 16:47:19.908566',1,91,123048731);
INSERT INTO tasks_task1play VALUES(136,'2016-09-25 16:45:29.847165',1,5,NULL,0,98,NULL);
INSERT INTO tasks_task1play VALUES(137,'2016-09-25 16:45:30.774669',5,6,'2016-09-25 16:50:07.890128',1,50,277115459);
INSERT INTO tasks_task1play VALUES(138,'2016-09-25 16:45:42.159675',1,5,NULL,0,11,NULL);
INSERT INTO tasks_task1play VALUES(139,'2016-09-25 16:45:50.898238',5,9,'2016-09-25 16:52:10.510103',1,36,379611865);
INSERT INTO tasks_task1play VALUES(140,'2016-09-25 16:45:54.870649',5,2,'2016-09-25 16:46:31.535553',1,29,36664904);
INSERT INTO tasks_task1play VALUES(141,'2016-09-25 16:46:03.891160',5,3,'2016-09-25 16:47:37.664250',1,80,93773090);
INSERT INTO tasks_task1play VALUES(142,'2016-09-25 16:46:05.538733',5,7,'2016-09-25 16:51:14.170817',1,115,308632084);
INSERT INTO tasks_task1play VALUES(143,'2016-09-25 16:46:08.079461',0,2,NULL,0,59,NULL);
INSERT INTO tasks_task1play VALUES(144,'2016-09-25 16:46:09.248828',5,0,'2016-09-25 16:47:51.570352',1,74,102321524);
INSERT INTO tasks_task1play VALUES(145,'2016-09-25 16:46:12.944591',0,2,NULL,0,98,NULL);
INSERT INTO tasks_task1play VALUES(146,'2016-09-25 16:46:13.832051',5,3,'2016-09-25 16:48:06.545569',1,62,112713518);
INSERT INTO tasks_task1play VALUES(147,'2016-09-25 16:46:20.768370',5,30,'2016-09-25 16:52:18.034027',1,77,357265657);
INSERT INTO tasks_task1play VALUES(148,'2016-09-25 16:46:21.341113',0,16,NULL,0,70,NULL);
INSERT INTO tasks_task1play VALUES(149,'2016-09-25 16:46:21.801628',5,7,'2016-09-25 16:55:10.761194',1,39,528959566);
INSERT INTO tasks_task1play VALUES(150,'2016-09-25 16:46:24.468434',1,5,NULL,0,100,NULL);
INSERT INTO tasks_task1play VALUES(151,'2016-09-25 16:46:29.218125',5,17,'2016-09-25 16:49:05.007221',1,126,155789096);
INSERT INTO tasks_task1play VALUES(152,'2016-09-25 16:46:29.507251',5,21,'2016-09-25 16:47:48.983510',1,98,79476259);
INSERT INTO tasks_task1play VALUES(153,'2016-09-25 16:46:34.590959',5,2,'2016-09-25 16:47:24.343023',1,29,49752064);
INSERT INTO tasks_task1play VALUES(154,'2016-09-25 16:46:34.674778',4,18,NULL,0,11,NULL);
INSERT INTO tasks_task1play VALUES(155,'2016-09-25 16:46:34.804974',5,14,'2016-09-25 16:49:28.359505',1,121,173554531);
INSERT INTO tasks_task1play VALUES(156,'2016-09-25 16:46:39.413842',5,4,'2016-09-25 16:47:29.521580',1,72,50107738);
INSERT INTO tasks_task1play VALUES(157,'2016-09-25 16:46:46.872048',0,7,NULL,0,64,NULL);
INSERT INTO tasks_task1play VALUES(158,'2016-09-25 16:46:47.600148',5,5,'2016-09-25 16:48:12.097329',1,63,84497181);
INSERT INTO tasks_task1play VALUES(159,'2016-09-25 16:47:04.034950',1,5,NULL,0,87,NULL);
INSERT INTO tasks_task1play VALUES(160,'2016-09-25 16:47:06.727885',4,7,NULL,0,70,NULL);
INSERT INTO tasks_task1play VALUES(161,'2016-09-25 16:47:10.417305',5,1,'2016-09-25 16:50:02.709089',1,96,172291784);
INSERT INTO tasks_task1play VALUES(162,'2016-09-25 16:47:13.663633',5,7,'2016-09-25 16:50:14.843704',1,45,181180071);
INSERT INTO tasks_task1play VALUES(163,'2016-09-25 16:47:20.709466',0,0,NULL,0,59,NULL);
INSERT INTO tasks_task1play VALUES(164,'2016-09-25 16:47:22.042805',5,2,'2016-09-25 16:48:54.828709',1,90,92785904);
INSERT INTO tasks_task1play VALUES(165,'2016-09-25 16:47:30.649026',5,3,'2016-09-25 16:48:13.526348',1,29,42877322);
INSERT INTO tasks_task1play VALUES(166,'2016-09-25 16:47:31.303866',5,5,'2016-09-25 16:49:00.152311',1,91,88848445);
INSERT INTO tasks_task1play VALUES(167,'2016-09-25 16:47:41.706780',5,8,'2016-09-25 16:49:04.188438',1,80,82481658);
INSERT INTO tasks_task1play VALUES(168,'2016-09-25 16:47:42.373961',5,8,'2016-09-25 16:51:08.888705',1,89,206514744);
INSERT INTO tasks_task1play VALUES(169,'2016-09-25 16:47:43.867155',5,10,'2016-09-25 16:48:57.275426',1,72,73408271);
INSERT INTO tasks_task1play VALUES(170,'2016-09-25 16:47:51.598227',0,2,NULL,0,69,NULL);
INSERT INTO tasks_task1play VALUES(171,'2016-09-25 16:47:52.058191',5,2,'2016-09-25 16:49:15.826417',1,103,83768226);
INSERT INTO tasks_task1play VALUES(172,'2016-09-25 16:48:11.523700',2,4,NULL,0,79,NULL);
INSERT INTO tasks_task1play VALUES(173,'2016-09-25 16:48:11.911032',1,7,NULL,0,64,NULL);
INSERT INTO tasks_task1play VALUES(174,'2016-09-25 16:48:15.595868',1,2,NULL,0,98,NULL);
INSERT INTO tasks_task1play VALUES(175,'2016-09-25 16:48:19.880093',5,14,'2016-09-25 16:50:46.199796',1,63,146319703);
INSERT INTO tasks_task1play VALUES(176,'2016-09-25 16:48:25.569743',5,21,'2016-09-25 16:50:23.036623',1,29,117466880);
INSERT INTO tasks_task1play VALUES(177,'2016-09-25 16:48:26.987028',5,0,'2016-09-25 16:50:35.171825',1,110,128184797);
INSERT INTO tasks_task1play VALUES(178,'2016-09-25 16:48:36.066335',5,7,'2016-09-25 16:50:34.037110',1,85,117970775);
INSERT INTO tasks_task1play VALUES(179,'2016-09-25 16:48:36.345102',5,2,'2016-09-25 16:50:58.749965',1,69,142404863);
INSERT INTO tasks_task1play VALUES(180,'2016-09-25 16:48:41.762562',0,5,NULL,0,98,NULL);
INSERT INTO tasks_task1play VALUES(181,'2016-09-25 16:48:47.673153',5,33,'2016-09-25 16:49:14.165667',1,62,26492514);
INSERT INTO tasks_task1play VALUES(182,'2016-09-25 16:48:52.245851',5,6,'2016-09-25 16:50:58.473892',1,23,126228041);
INSERT INTO tasks_task1play VALUES(183,'2016-09-25 16:49:03.833694',5,34,'2016-09-25 16:50:39.445767',1,72,95612073);
INSERT INTO tasks_task1play VALUES(184,'2016-09-25 16:49:03.837062',0,2,NULL,0,98,NULL);
INSERT INTO tasks_task1play VALUES(185,'2016-09-25 16:49:04.585208',0,3,NULL,0,74,NULL);
INSERT INTO tasks_task1play VALUES(186,'2016-09-25 16:49:04.659142',5,3,'2016-09-25 16:49:57.393826',1,91,52734684);
INSERT INTO tasks_task1play VALUES(187,'2016-09-25 16:49:04.742580',5,7,'2016-09-25 16:50:19.897715',1,125,75155135);
INSERT INTO tasks_task1play VALUES(188,'2016-09-25 16:49:06.099783',5,19,'2016-09-25 16:50:05.001777',1,80,58901994);
INSERT INTO tasks_task1play VALUES(189,'2016-09-25 16:49:08.342316',2,6,NULL,0,64,NULL);
INSERT INTO tasks_task1play VALUES(190,'2016-09-25 16:49:08.507012',2,5,NULL,0,11,NULL);
INSERT INTO tasks_task1play VALUES(191,'2016-09-25 16:49:11.874014',5,19,'2016-09-25 16:51:26.485126',1,126,134611112);
INSERT INTO tasks_task1play VALUES(192,'2016-09-25 16:49:17.040175',3,5,NULL,0,90,NULL);
INSERT INTO tasks_task1play VALUES(193,'2016-09-25 16:49:19.324757',0,0,NULL,0,98,NULL);
INSERT INTO tasks_task1play VALUES(194,'2016-09-25 16:49:20.978416',5,5,'2016-09-25 16:52:12.862670',1,103,171884254);
INSERT INTO tasks_task1play VALUES(195,'2016-09-25 16:49:24.506830',4,20,NULL,0,106,NULL);
INSERT INTO tasks_task1play VALUES(196,'2016-09-25 16:49:26.194115',5,0,'2016-09-25 16:50:06.960828',1,98,40766713);
INSERT INTO tasks_task1play VALUES(197,'2016-09-25 16:49:35.635965',5,24,'2016-09-25 16:54:51.979757',1,114,316343792);
INSERT INTO tasks_task1play VALUES(198,'2016-09-25 16:49:40.910436',5,7,'2016-09-25 16:52:36.501141',1,121,175590705);
INSERT INTO tasks_task1play VALUES(199,'2016-09-25 16:49:58.854197',1,5,NULL,0,64,NULL);
INSERT INTO tasks_task1play VALUES(200,'2016-09-25 16:50:01.611386',5,4,'2016-09-25 16:51:03.396319',1,91,61784933);
INSERT INTO tasks_task1play VALUES(201,'2016-09-25 16:50:08.490245',5,32,'2016-09-25 16:54:44.948418',1,100,276458173);
INSERT INTO tasks_task1play VALUES(202,'2016-09-25 16:50:11.722310',5,3,'2016-09-25 16:52:40.549840',1,41,148827530);
INSERT INTO tasks_task1play VALUES(203,'2016-09-25 16:50:14.290652',5,7,'2016-09-25 16:56:25.403407',1,50,371112755);
INSERT INTO tasks_task1play VALUES(204,'2016-09-25 16:50:16.643457',5,39,'2016-09-25 16:50:57.080447',1,62,40436990);
INSERT INTO tasks_task1play VALUES(205,'2016-09-25 16:50:18.885250',4,14,NULL,0,45,NULL);
INSERT INTO tasks_task1play VALUES(206,'2016-09-25 16:50:26.935362',5,21,'2016-09-25 16:51:58.640044',1,29,91704682);
INSERT INTO tasks_task1play VALUES(207,'2016-09-25 16:50:32.399679',5,34,'2016-09-25 16:51:17.253510',1,17,44853831);
INSERT INTO tasks_task1play VALUES(208,'2016-09-25 16:50:33.159391',5,4,'2016-09-25 16:51:14.312697',1,125,41153306);
INSERT INTO tasks_task1play VALUES(209,'2016-09-25 16:50:35.158237',3,10,NULL,0,64,NULL);
INSERT INTO tasks_task1play VALUES(210,'2016-09-25 16:50:35.202814',5,20,'2016-09-25 16:51:33.880258',1,80,58677444);
INSERT INTO tasks_task1play VALUES(211,'2016-09-25 16:50:39.187697',0,3,NULL,0,11,NULL);
INSERT INTO tasks_task1play VALUES(212,'2016-09-25 16:50:39.899162',0,0,NULL,0,74,NULL);
INSERT INTO tasks_task1play VALUES(213,'2016-09-25 16:50:44.346833',0,0,NULL,0,70,NULL);
INSERT INTO tasks_task1play VALUES(214,'2016-09-25 16:50:46.343378',5,3,'2016-09-25 16:51:59.192892',1,85,72849514);
INSERT INTO tasks_task1play VALUES(215,'2016-09-25 16:50:51.026765',2,8,NULL,0,90,NULL);
INSERT INTO tasks_task1play VALUES(216,'2016-09-25 16:50:51.653738',0,14,NULL,0,63,NULL);
INSERT INTO tasks_task1play VALUES(217,'2016-09-25 16:50:52.768777',5,9,'2016-09-25 16:51:38.889251',1,72,46120474);
INSERT INTO tasks_task1play VALUES(218,'2016-09-25 16:50:53.162030',5,4,'2016-09-25 16:51:28.488926',1,98,35326896);
INSERT INTO tasks_task1play VALUES(219,'2016-09-25 16:50:54.546749',5,57,'2016-09-25 16:51:02.503047',1,74,7956298);
INSERT INTO tasks_task1play VALUES(220,'2016-09-25 16:50:57.544376',0,0,NULL,0,70,NULL);
INSERT INTO tasks_task1play VALUES(221,'2016-09-25 16:51:05.993859',0,12,NULL,0,70,NULL);
INSERT INTO tasks_task1play VALUES(222,'2016-09-25 16:51:07.108377',5,11,'2016-09-25 16:52:21.639555',1,96,74531178);
INSERT INTO tasks_task1play VALUES(223,'2016-09-25 16:51:09.327334',1,6,NULL,0,21,NULL);
INSERT INTO tasks_task1play VALUES(224,'2016-09-25 16:51:09.811157',5,10,'2016-09-25 16:51:56.554732',1,91,46743575);
INSERT INTO tasks_task1play VALUES(225,'2016-09-25 16:51:11.550444',5,0,'2016-09-25 16:55:14.972391',1,69,243421947);
INSERT INTO tasks_task1play VALUES(226,'2016-09-25 16:51:14.044987',5,17,'2016-09-25 16:53:30.315334',1,35,136270347);
INSERT INTO tasks_task1play VALUES(227,'2016-09-25 16:51:14.127185',4,6,NULL,0,11,NULL);
INSERT INTO tasks_task1play VALUES(228,'2016-09-25 16:51:15.636623',1,8,NULL,0,70,NULL);
INSERT INTO tasks_task1play VALUES(229,'2016-09-25 16:51:16.164417',5,3,'2016-09-25 16:52:26.195971',1,65,70031554);
INSERT INTO tasks_task1play VALUES(230,'2016-09-25 16:51:17.080326',4,6,NULL,0,92,NULL);
INSERT INTO tasks_task1play VALUES(231,'2016-09-25 16:51:23.248508',5,7,'2016-09-25 16:52:48.986209',1,125,85737701);
INSERT INTO tasks_task1play VALUES(232,'2016-09-25 16:51:24.068297',5,26,'2016-09-25 16:57:52.611798',1,89,388543501);
INSERT INTO tasks_task1play VALUES(233,'2016-09-25 16:51:30.683957',5,54,'2016-09-25 16:52:11.842296',1,62,41158339);
INSERT INTO tasks_task1play VALUES(234,'2016-09-25 16:51:32.958106',5,4,'2016-09-25 16:53:40.970506',1,126,128012400);
INSERT INTO tasks_task1play VALUES(235,'2016-09-25 16:51:36.441649',0,0,NULL,0,115,NULL);
INSERT INTO tasks_task1play VALUES(236,'2016-09-25 16:51:38.821620',5,2,'2016-09-25 16:54:19.157050',1,102,160335430);
INSERT INTO tasks_task1play VALUES(237,'2016-09-25 16:51:38.847971',5,15,'2016-09-25 16:57:07.007122',1,23,328159151);
INSERT INTO tasks_task1play VALUES(238,'2016-09-25 16:51:41.820182',5,13,'2016-09-25 16:53:11.027306',1,80,89207124);
INSERT INTO tasks_task1play VALUES(239,'2016-09-25 16:51:43.329006',0,4,NULL,0,98,NULL);
INSERT INTO tasks_task1play VALUES(240,'2016-09-25 16:51:49.227175',5,16,'2016-09-25 16:53:56.077610',1,72,126850435);
INSERT INTO tasks_task1play VALUES(241,'2016-09-25 16:51:49.616224',5,15,'2016-09-25 16:57:37.646549',1,97,348030325);
INSERT INTO tasks_task1play VALUES(242,'2016-09-25 16:51:55.798658',5,4,'2016-09-25 16:52:26.366380',1,98,30567722);
INSERT INTO tasks_task1play VALUES(243,'2016-09-25 16:52:00.973219',5,22,'2016-09-25 16:53:17.632472',1,91,76659253);
INSERT INTO tasks_task1play VALUES(244,'2016-09-25 16:52:04.576102',0,2,NULL,0,110,NULL);
INSERT INTO tasks_task1play VALUES(245,'2016-09-25 16:52:04.597211',5,4,'2016-09-25 16:52:57.823637',1,29,53226426);
INSERT INTO tasks_task1play VALUES(246,'2016-09-25 16:52:14.661308',5,30,'2016-09-25 16:54:38.040144',1,85,143378836);
INSERT INTO tasks_task1play VALUES(247,'2016-09-25 16:52:15.515650',0,0,NULL,0,17,NULL);
INSERT INTO tasks_task1play VALUES(248,'2016-09-25 16:52:20.348878',5,7,'2016-09-25 16:54:07.048104',1,64,106699226);
INSERT INTO tasks_task1play VALUES(249,'2016-09-25 16:52:30.001430',1,5,NULL,0,96,NULL);
INSERT INTO tasks_task1play VALUES(250,'2016-09-25 16:52:30.879864',2,7,NULL,0,65,NULL);
INSERT INTO tasks_task1play VALUES(251,'2016-09-25 16:52:32.114841',1,4,NULL,0,90,NULL);
INSERT INTO tasks_task1play VALUES(252,'2016-09-25 16:52:35.514362',5,0,'2016-09-25 17:02:03.483794',1,77,567969432);
INSERT INTO tasks_task1play VALUES(253,'2016-09-25 16:52:43.182302',5,2,'2016-09-25 16:53:14.305155',1,98,31122853);
INSERT INTO tasks_task1play VALUES(254,'2016-09-25 16:52:45.038182',5,30,'2016-09-25 16:58:19.489562',1,121,334451380);
INSERT INTO tasks_task1play VALUES(255,'2016-09-25 16:52:45.818169',5,14,'2016-09-25 16:54:59.106790',1,33,133288621);
INSERT INTO tasks_task1play VALUES(256,'2016-09-25 16:52:47.306266',5,1,'2016-09-25 16:54:11.279074',1,103,83972808);
INSERT INTO tasks_task1play VALUES(257,'2016-09-25 16:52:49.859777',5,1,'2016-09-25 16:55:33.083908',1,41,163224131);
INSERT INTO tasks_task1play VALUES(258,'2016-09-25 16:52:54.818899',5,4,'2016-09-25 16:54:52.385443',1,36,117566544);
INSERT INTO tasks_task1play VALUES(259,'2016-09-25 16:52:58.620258',5,1,'2016-09-25 16:53:57.719008',1,125,59098750);
INSERT INTO tasks_task1play VALUES(260,'2016-09-25 16:53:03.462346',5,9,'2016-09-25 16:54:13.185989',1,29,69723643);
INSERT INTO tasks_task1play VALUES(261,'2016-09-25 16:53:07.162184',5,12,'2016-09-25 16:56:00.459652',1,63,173297468);
INSERT INTO tasks_task1play VALUES(262,'2016-09-25 16:53:14.445729',5,2,'2016-09-25 16:54:40.309007',1,90,85863278);
INSERT INTO tasks_task1play VALUES(263,'2016-09-25 16:53:18.684828',5,16,'2016-09-25 17:01:26.740389',1,21,488055561);
INSERT INTO tasks_task1play VALUES(264,'2016-09-25 16:53:20.105134',1,1,NULL,0,110,NULL);
INSERT INTO tasks_task1play VALUES(265,'2016-09-25 16:53:22.108860',5,3,'2016-09-25 16:54:08.598912',1,91,46490052);
INSERT INTO tasks_task1play VALUES(266,'2016-09-25 16:53:29.852725',5,21,'2016-09-25 16:54:48.072163',1,80,78219438);
INSERT INTO tasks_task1play VALUES(267,'2016-09-25 16:53:43.860774',5,29,'2016-09-25 16:58:07.275900',1,106,263415126);
INSERT INTO tasks_task1play VALUES(268,'2016-09-25 16:53:44.310539',5,12,'2016-09-25 16:55:51.866705',1,35,127556166);
INSERT INTO tasks_task1play VALUES(269,'2016-09-25 16:53:55.813282',5,6,'2016-09-25 16:54:30.041572',1,98,34228290);
INSERT INTO tasks_task1play VALUES(270,'2016-09-25 16:54:00.628636',1,12,NULL,0,87,NULL);
INSERT INTO tasks_task1play VALUES(271,'2016-09-25 16:54:05.640644',1,4,NULL,0,125,NULL);
INSERT INTO tasks_task1play VALUES(272,'2016-09-25 16:54:11.978926',5,7,'2016-09-25 16:55:00.125072',1,91,48146146);
INSERT INTO tasks_task1play VALUES(273,'2016-09-25 16:54:18.049175',0,1,NULL,0,79,NULL);
INSERT INTO tasks_task1play VALUES(274,'2016-09-25 16:54:18.936013',5,19,'2016-09-25 16:56:08.144298',1,29,109208285);
INSERT INTO tasks_task1play VALUES(275,'2016-09-25 16:54:24.155809',5,13,'2016-09-25 16:58:10.840152',1,103,226684343);
INSERT INTO tasks_task1play VALUES(276,'2016-09-25 16:54:24.221592',3,6,NULL,0,84,NULL);
INSERT INTO tasks_task1play VALUES(277,'2016-09-25 16:54:24.249486',0,0,NULL,0,72,NULL);
INSERT INTO tasks_task1play VALUES(278,'2016-09-25 16:54:24.303993',2,12,NULL,0,102,NULL);
INSERT INTO tasks_task1play VALUES(279,'2016-09-25 16:54:25.789533',0,7,NULL,0,96,NULL);
INSERT INTO tasks_task1play VALUES(280,'2016-09-25 16:54:25.887060',0,0,NULL,0,64,NULL);
INSERT INTO tasks_task1play VALUES(281,'2016-09-25 16:54:51.192511',5,2,'2016-09-25 16:55:25.010002',1,80,33817491);
INSERT INTO tasks_task1play VALUES(282,'2016-09-25 16:54:52.893298',0,0,NULL,0,79,NULL);
INSERT INTO tasks_task1play VALUES(283,'2016-09-25 16:54:56.996369',5,20,'2016-09-25 16:58:11.719040',1,100,194722671);
INSERT INTO tasks_task1play VALUES(284,'2016-09-25 16:55:00.119554',5,11,'2016-09-25 16:58:31.196697',1,114,211077143);
INSERT INTO tasks_task1play VALUES(285,'2016-09-25 16:55:01.224123',3,42,NULL,0,85,NULL);
INSERT INTO tasks_task1play VALUES(286,'2016-09-25 16:55:03.356162',5,5,'2016-09-25 16:55:43.730066',1,91,40373904);
INSERT INTO tasks_task1play VALUES(287,'2016-09-25 16:55:08.592308',5,8,'2016-09-25 16:56:18.541336',1,65,69949028);
INSERT INTO tasks_task1play VALUES(288,'2016-09-25 16:55:09.882990',5,2,'2016-09-25 16:55:34.597115',1,98,24714125);
INSERT INTO tasks_task1play VALUES(289,'2016-09-25 16:55:12.346799',0,1,NULL,0,90,NULL);
INSERT INTO tasks_task1play VALUES(290,'2016-09-25 16:55:13.549663',4,13,NULL,0,39,NULL);
INSERT INTO tasks_task1play VALUES(291,'2016-09-25 16:55:13.654478',5,56,'2016-09-25 16:58:32.347210',1,33,198692732);
INSERT INTO tasks_task1play VALUES(292,'2016-09-25 16:55:13.898887',4,23,NULL,0,72,NULL);
INSERT INTO tasks_task1play VALUES(293,'2016-09-25 16:55:19.368012',5,4,'2016-09-25 16:56:04.453572',1,125,45085560);
INSERT INTO tasks_task1play VALUES(294,'2016-09-25 16:55:30.458422',0,2,NULL,0,69,NULL);
INSERT INTO tasks_task1play VALUES(295,'2016-09-25 16:55:35.698395',5,18,'2016-09-25 16:58:43.128110',1,36,187429715);
INSERT INTO tasks_task1play VALUES(296,'2016-09-25 16:55:45.292578',0,0,NULL,0,80,NULL);
INSERT INTO tasks_task1play VALUES(297,'2016-09-25 16:55:46.069744',4,11,NULL,0,41,NULL);
INSERT INTO tasks_task1play VALUES(298,'2016-09-25 16:55:46.429246',5,9,'2016-09-25 16:56:35.947841',1,91,49518595);
INSERT INTO tasks_task1play VALUES(299,'2016-09-25 16:55:46.943109',3,5,NULL,0,90,NULL);
INSERT INTO tasks_task1play VALUES(300,'2016-09-25 16:55:53.104391',0,0,NULL,0,98,NULL);
INSERT INTO tasks_task1play VALUES(301,'2016-09-25 16:56:00.036150',0,3,NULL,0,35,NULL);
INSERT INTO tasks_task1play VALUES(302,'2016-09-25 16:56:06.394548',5,14,'2016-09-25 16:59:46.684420',1,63,220289872);
INSERT INTO tasks_task1play VALUES(303,'2016-09-25 16:56:07.661854',5,7,'2016-09-25 16:57:21.441539',1,125,73779685);
INSERT INTO tasks_task1play VALUES(304,'2016-09-25 16:56:08.101634',5,8,'2016-09-25 16:58:33.160694',1,126,145059060);
INSERT INTO tasks_task1play VALUES(305,'2016-09-25 16:56:13.647834',5,2,'2016-09-25 16:57:14.199906',1,29,60552072);
INSERT INTO tasks_task1play VALUES(306,'2016-09-25 16:56:19.298017',0,2,NULL,0,98,NULL);
INSERT INTO tasks_task1play VALUES(307,'2016-09-25 16:56:22.312215',0,1,NULL,0,65,NULL);
INSERT INTO tasks_task1play VALUES(308,'2016-09-25 16:56:22.595334',5,10,'2016-09-25 16:57:32.890159',1,80,70294825);
INSERT INTO tasks_task1play VALUES(309,'2016-09-25 16:56:31.152267',0,3,NULL,0,98,NULL);
INSERT INTO tasks_task1play VALUES(310,'2016-09-25 16:56:33.828892',5,4,'2016-09-25 16:59:07.828456',1,50,153999564);
INSERT INTO tasks_task1play VALUES(311,'2016-09-25 16:56:35.184426',5,8,'2016-09-25 16:58:33.968203',1,35,118783777);
INSERT INTO tasks_task1play VALUES(312,'2016-09-25 16:56:39.076671',5,1,'2016-09-25 16:57:06.607376',1,91,27530705);
INSERT INTO tasks_task1play VALUES(313,'2016-09-25 16:56:43.535541',2,8,NULL,0,98,NULL);
INSERT INTO tasks_task1play VALUES(314,'2016-09-25 16:57:09.782574',5,6,'2016-09-25 16:57:52.833427',1,91,43050853);
INSERT INTO tasks_task1play VALUES(315,'2016-09-25 16:57:11.665742',4,3,NULL,0,90,NULL);
INSERT INTO tasks_task1play VALUES(316,'2016-09-25 16:57:15.491849',0,0,NULL,0,98,NULL);
INSERT INTO tasks_task1play VALUES(317,'2016-09-25 16:57:17.224434',5,9,'2016-09-25 16:59:09.948788',1,23,112724354);
INSERT INTO tasks_task1play VALUES(318,'2016-09-25 16:57:19.299237',1,1,NULL,0,79,NULL);
INSERT INTO tasks_task1play VALUES(319,'2016-09-25 16:57:20.036012',5,6,'2016-09-25 16:58:26.275385',1,29,66239373);
INSERT INTO tasks_task1play VALUES(320,'2016-09-25 16:57:24.976188',5,10,'2016-09-25 16:58:47.120299',1,64,82144111);
INSERT INTO tasks_task1play VALUES(321,'2016-09-25 16:57:27.339986',0,10,NULL,0,125,NULL);
INSERT INTO tasks_task1play VALUES(322,'2016-09-25 16:57:33.000674',1,4,NULL,0,85,NULL);
INSERT INTO tasks_task1play VALUES(323,'2016-09-25 16:57:33.288211',1,6,NULL,0,98,NULL);
INSERT INTO tasks_task1play VALUES(324,'2016-09-25 16:57:41.411207',5,13,'2016-09-25 16:59:07.344919',1,80,85933712);
INSERT INTO tasks_task1play VALUES(325,'2016-09-25 16:57:52.558200',3,11,NULL,0,98,NULL);
INSERT INTO tasks_task1play VALUES(326,'2016-09-25 16:57:55.646604',5,10,'2016-09-25 16:58:52.781024',1,91,57134420);
INSERT INTO tasks_task1play VALUES(327,'2016-09-25 16:57:58.529160',0,1,NULL,0,69,NULL);
INSERT INTO tasks_task1play VALUES(328,'2016-09-25 16:58:10.789623',5,2,'2016-09-25 16:59:38.674163',1,106,87884540);
INSERT INTO tasks_task1play VALUES(329,'2016-09-25 16:58:12.608563',4,19,NULL,0,97,NULL);
INSERT INTO tasks_task1play VALUES(330,'2016-09-25 16:58:16.456042',1,3,NULL,0,125,NULL);
INSERT INTO tasks_task1play VALUES(331,'2016-09-25 16:58:19.797560',4,3,NULL,0,103,NULL);
INSERT INTO tasks_task1play VALUES(332,'2016-09-25 16:58:24.622783',4,30,NULL,0,100,NULL);
INSERT INTO tasks_task1play VALUES(333,'2016-09-25 16:58:26.298858',3,3,NULL,0,121,NULL);
INSERT INTO tasks_task1play VALUES(334,'2016-09-25 16:58:26.712531',5,2,'2016-09-25 16:59:50.740080',1,69,84027549);
INSERT INTO tasks_task1play VALUES(335,'2016-09-25 16:58:28.758371',5,5,'2016-09-25 16:59:03.855375',1,98,35097004);
INSERT INTO tasks_task1play VALUES(336,'2016-09-25 16:58:29.453318',5,3,'2016-09-25 16:59:20.049208',1,29,50595890);
INSERT INTO tasks_task1play VALUES(337,'2016-09-25 16:58:40.667783',1,4,NULL,0,114,NULL);
INSERT INTO tasks_task1play VALUES(338,'2016-09-25 16:58:49.277578',2,13,NULL,0,35,NULL);
INSERT INTO tasks_task1play VALUES(339,'2016-09-25 16:58:52.114527',5,10,'2016-09-25 19:33:03.296015',1,33,9251181488);
INSERT INTO tasks_task1play VALUES(340,'2016-09-25 16:58:52.462801',2,10,NULL,0,102,NULL);
INSERT INTO tasks_task1play VALUES(341,'2016-09-25 16:58:53.904806',3,10,NULL,0,64,NULL);
INSERT INTO tasks_task1play VALUES(342,'2016-09-25 16:58:55.162035',0,1,NULL,0,125,NULL);
INSERT INTO tasks_task1play VALUES(343,'2016-09-25 16:58:56.366983',5,3,'2016-09-25 16:59:38.379390',1,91,42012407);
INSERT INTO tasks_task1play VALUES(344,'2016-09-25 16:58:58.636096',5,8,'2016-09-25 17:00:30.168098',1,126,91532002);
INSERT INTO tasks_task1play VALUES(345,'2016-09-25 16:59:03.928380',0,2,NULL,0,90,NULL);
INSERT INTO tasks_task1play VALUES(346,'2016-09-25 16:59:09.568552',5,1,'2016-09-25 16:59:33.415792',1,80,23847240);
INSERT INTO tasks_task1play VALUES(347,'2016-09-25 16:59:17.688905',5,4,'2016-09-25 16:59:48.847862',1,98,31158957);
INSERT INTO tasks_task1play VALUES(348,'2016-09-25 16:59:19.312973',3,7,NULL,0,50,NULL);
INSERT INTO tasks_task1play VALUES(349,'2016-09-25 16:59:20.909157',2,2,NULL,0,125,NULL);
INSERT INTO tasks_task1play VALUES(350,'2016-09-25 16:59:21.654869',4,3,NULL,0,90,NULL);
INSERT INTO tasks_task1play VALUES(351,'2016-09-25 16:59:24.353533',1,4,NULL,0,85,NULL);
INSERT INTO tasks_task1play VALUES(352,'2016-09-25 16:59:24.383598',5,7,'2016-09-25 17:00:12.188229',1,29,47804631);
INSERT INTO tasks_task1play VALUES(353,'2016-09-25 16:59:27.192369',0,0,NULL,0,88,NULL);
INSERT INTO tasks_task1play VALUES(354,'2016-09-25 16:59:48.174587',2,3,NULL,0,91,NULL);
INSERT INTO tasks_task1play VALUES(355,'2016-09-25 16:59:49.343785',5,15,'2016-09-26 08:59:52.247942',1,63,57602904157);
INSERT INTO tasks_task1play VALUES(356,'2016-09-25 16:59:54.603405',5,0,'2016-09-25 17:00:22.505868',1,80,27902463);
INSERT INTO tasks_task1play VALUES(357,'2016-09-25 16:59:58.944289',2,0,NULL,0,69,NULL);
INSERT INTO tasks_task1play VALUES(358,'2016-09-25 17:00:01.099064',0,2,NULL,0,88,NULL);
INSERT INTO tasks_task1play VALUES(359,'2016-09-25 17:00:04.375521',0,0,NULL,0,98,NULL);
INSERT INTO tasks_task1play VALUES(360,'2016-09-25 17:00:15.753806',0,2,NULL,0,38,NULL);
INSERT INTO tasks_task1play VALUES(361,'2016-09-25 17:01:05.901194',1,2,NULL,0,84,NULL);
INSERT INTO tasks_task1play VALUES(362,'2016-09-25 17:01:06.801356',0,0,NULL,0,80,NULL);
INSERT INTO tasks_task1play VALUES(363,'2016-09-25 17:52:35.663274',5,2,'2016-09-25 17:54:09.710765',1,126,94047491);
INSERT INTO tasks_task1play VALUES(364,'2016-09-25 19:33:08.586812',5,13,'2016-09-25 19:35:53.242779',1,33,164655967);
INSERT INTO tasks_task1play VALUES(365,'2016-09-25 19:36:06.990978',5,32,'2016-09-25 19:38:26.764108',1,33,139773130);
INSERT INTO tasks_task1play VALUES(366,'2016-09-25 19:38:38.034037',5,39,'2016-09-25 19:40:46.511240',1,33,128477203);
INSERT INTO tasks_task1play VALUES(367,'2016-09-25 19:40:52.129449',5,1,'2016-09-25 19:42:10.775549',1,33,78646100);
INSERT INTO tasks_task1play VALUES(368,'2016-09-25 21:25:14.683149',5,9,'2016-09-25 21:26:49.098341',1,33,94415192);
INSERT INTO tasks_task1play VALUES(369,'2016-09-25 21:26:56.578373',5,32,'2016-09-25 21:28:52.957706',1,33,116379333);
INSERT INTO tasks_task1play VALUES(370,'2016-09-25 21:29:02.330146',5,17,'2016-09-25 21:30:33.381580',1,33,91051434);
INSERT INTO tasks_task1play VALUES(371,'2016-09-25 21:30:45.214172',5,0,'2016-09-25 21:31:30.870894',1,33,45656722);
INSERT INTO tasks_task1play VALUES(372,'2016-09-26 06:28:55.997541',4,6,NULL,0,90,NULL);
INSERT INTO tasks_task1play VALUES(373,'2016-09-26 09:19:44.596741',0,0,NULL,0,63,NULL);
INSERT INTO tasks_task1play VALUES(374,'2016-09-26 16:34:38.909233',4,4,NULL,0,90,NULL);
INSERT INTO tasks_task1play VALUES(375,'2016-09-26 16:36:29.215596',0,3,NULL,0,90,NULL);
INSERT INTO tasks_task1play VALUES(376,'2016-09-26 16:37:17.043543',3,4,NULL,0,90,NULL);
INSERT INTO tasks_task1play VALUES(377,'2016-09-26 16:39:09.011438',1,3,NULL,0,90,NULL);
INSERT INTO tasks_task1play VALUES(378,'2016-09-26 20:26:18.833348',0,0,NULL,0,39,NULL);
INSERT INTO tasks_task1play VALUES(379,'2016-09-27 07:07:54.908859',1,2,NULL,0,90,NULL);
INSERT INTO tasks_task1play VALUES(380,'2016-09-27 12:07:59.131420',0,2,NULL,0,125,NULL);
INSERT INTO tasks_task1play VALUES(381,'2016-09-27 23:10:24.760943',0,3,NULL,0,38,NULL);
INSERT INTO tasks_task1play VALUES(382,'2016-09-28 09:16:23.845660',5,0,'2016-09-28 09:17:06.933866',1,74,43088206);
INSERT INTO tasks_task1play VALUES(383,'2016-09-28 09:33:47.200441',5,0,'2016-09-28 09:34:19.616545',1,74,32416104);
INSERT INTO tasks_task1play VALUES(384,'2016-09-28 09:35:29.269764',5,0,'2016-09-28 09:35:59.398349',1,74,30128585);
INSERT INTO tasks_task1play VALUES(385,'2016-09-28 09:41:59.182591',0,0,NULL,0,74,NULL);
INSERT INTO tasks_task1play VALUES(386,'2016-09-28 09:46:03.462640',0,1,NULL,0,74,NULL);
INSERT INTO tasks_task1play VALUES(387,'2016-09-29 07:49:53.949005',5,3,'2016-09-29 07:52:18.172789',1,51,144223784);
INSERT INTO tasks_task1play VALUES(388,'2016-09-29 07:53:07.298564',5,4,'2016-09-29 07:53:55.652697',1,51,48354133);
INSERT INTO tasks_task1play VALUES(389,'2016-09-29 07:55:40.731512',5,1,'2016-09-29 07:56:07.227645',1,51,26496133);
INSERT INTO tasks_task1play VALUES(390,'2016-09-29 07:56:40.258913',0,2,NULL,0,51,NULL);
INSERT INTO tasks_task1play VALUES(391,'2016-09-29 07:56:55.539149',5,0,'2016-09-29 07:57:14.060691',1,51,18521542);
INSERT INTO tasks_task1play VALUES(392,'2016-09-29 07:58:02.240085',3,5,NULL,0,51,NULL);
INSERT INTO tasks_task1play VALUES(393,'2016-09-29 07:58:31.741664',5,4,'2016-09-29 07:59:07.316874',1,51,35575210);
INSERT INTO tasks_task1play VALUES(394,'2016-09-29 07:59:25.270197',0,1,NULL,0,51,NULL);
INSERT INTO tasks_task1play VALUES(395,'2016-09-29 07:59:42.034389',5,4,'2016-09-29 08:00:09.656342',1,51,27621953);
INSERT INTO tasks_task1play VALUES(396,'2016-09-29 08:00:21.247684',0,2,NULL,0,51,NULL);
INSERT INTO tasks_task1play VALUES(397,'2016-09-29 08:00:30.366731',1,5,NULL,0,51,NULL);
INSERT INTO tasks_task1play VALUES(398,'2016-09-29 08:00:53.141400',5,2,'2016-09-29 08:01:18.646687',1,51,25505287);
INSERT INTO tasks_task1play VALUES(399,'2016-09-29 08:01:25.529175',5,5,'2016-09-29 08:01:53.059683',1,51,27530508);
INSERT INTO tasks_task1play VALUES(400,'2016-09-29 08:02:40.811619',0,2,NULL,0,49,NULL);
INSERT INTO tasks_task1play VALUES(401,'2016-09-29 08:02:49.715203',1,4,NULL,0,49,NULL);
INSERT INTO tasks_task1play VALUES(402,'2016-09-29 08:03:16.092984',5,7,'2016-09-29 08:03:58.549438',1,49,42456454);
INSERT INTO tasks_task1play VALUES(403,'2016-09-29 08:04:01.300392',3,11,NULL,0,49,NULL);
INSERT INTO tasks_task1play VALUES(404,'2016-09-29 08:05:08.424390',5,4,'2016-09-29 08:05:42.202571',1,49,33778181);
INSERT INTO tasks_task1play VALUES(405,'2016-09-29 08:05:45.045740',1,4,NULL,0,49,NULL);
INSERT INTO tasks_task1play VALUES(406,'2016-09-29 08:06:04.417808',5,5,'2016-09-29 08:06:52.715662',1,49,48297854);
INSERT INTO tasks_task1play VALUES(407,'2016-09-29 08:06:55.201300',0,3,NULL,0,49,NULL);
INSERT INTO tasks_task1play VALUES(408,'2016-09-29 08:07:13.283849',5,7,'2016-09-29 08:07:42.423146',1,49,29139297);
INSERT INTO tasks_task1play VALUES(409,'2016-10-02 12:41:29.877476',5,0,'2016-10-02 13:55:57.294818',1,110,4467417342);
INSERT INTO tasks_task1play VALUES(410,'2016-10-02 20:50:32.412711',5,2,'2016-10-02 20:53:46.645527',1,69,194232816);
INSERT INTO tasks_task1play VALUES(411,'2016-10-04 12:23:00.091116',0,0,NULL,0,110,NULL);
INSERT INTO tasks_task1play VALUES(412,'2016-10-05 08:42:22.167170',0,0,NULL,0,29,NULL);
INSERT INTO tasks_task1play VALUES(413,'2016-10-05 08:44:16.642134',1,1,NULL,0,29,NULL);
INSERT INTO tasks_task1play VALUES(414,'2016-10-05 08:45:30.619901',3,7,NULL,0,29,NULL);
INSERT INTO tasks_task1play VALUES(415,'2016-10-08 03:12:07.712841',5,0,'2016-10-08 03:13:13.182784',1,121,65469943);
INSERT INTO tasks_task1play VALUES(416,'2016-10-08 03:28:43.800637',5,7,'2016-10-08 03:30:22.127556',1,121,98326919);
INSERT INTO tasks_task1play VALUES(417,'2016-10-08 03:30:42.568775',0,0,NULL,0,121,NULL);
INSERT INTO tasks_task1play VALUES(418,'2016-10-08 03:30:44.899086',0,0,NULL,0,121,NULL);
INSERT INTO tasks_task1play VALUES(419,'2016-10-08 03:30:49.877419',0,0,NULL,0,121,NULL);
INSERT INTO tasks_task1play VALUES(420,'2016-10-08 03:31:06.935805',0,0,NULL,0,121,NULL);
INSERT INTO tasks_task1play VALUES(421,'2016-10-08 03:31:12.813008',0,0,NULL,0,121,NULL);
INSERT INTO tasks_task1play VALUES(422,'2016-10-08 03:31:15.609815',0,0,NULL,0,121,NULL);
INSERT INTO tasks_task1play VALUES(423,'2016-10-08 03:31:49.602746',0,0,NULL,0,121,NULL);
INSERT INTO tasks_task1play VALUES(424,'2016-10-08 03:31:53.644276',0,0,NULL,0,121,NULL);
INSERT INTO tasks_task1play VALUES(425,'2016-10-08 03:50:41.654111',5,3,'2016-10-08 03:52:22.373807',1,121,100719696);
INSERT INTO tasks_task1play VALUES(426,'2016-10-08 03:52:31.674581',5,3,'2016-10-08 03:53:49.701862',1,121,78027281);
INSERT INTO tasks_task1play VALUES(427,'2016-10-08 03:54:05.004119',5,8,'2016-10-08 03:56:04.902676',1,121,119898557);
INSERT INTO tasks_task1play VALUES(428,'2016-10-08 03:57:21.786926',5,0,'2016-10-08 03:58:34.313703',1,121,72526777);
INSERT INTO tasks_task1play VALUES(429,'2016-10-08 03:59:25.133356',0,0,NULL,0,121,NULL);
INSERT INTO tasks_task1play VALUES(430,'2016-10-08 03:59:27.999630',0,0,NULL,0,121,NULL);
INSERT INTO tasks_task1play VALUES(431,'2016-10-08 03:59:36.463377',0,0,NULL,0,121,NULL);
INSERT INTO tasks_task1play VALUES(432,'2016-10-08 04:02:52.778116',0,0,NULL,0,121,NULL);
INSERT INTO tasks_task1play VALUES(433,'2016-10-08 04:02:55.649850',0,0,NULL,0,121,NULL);
INSERT INTO tasks_task1play VALUES(434,'2016-10-08 04:03:28.156150',5,0,'2016-10-08 04:04:14.828100',1,121,46671950);
INSERT INTO tasks_task1play VALUES(435,'2016-10-08 04:06:09.139965',0,0,NULL,0,121,NULL);
INSERT INTO tasks_task1play VALUES(436,'2016-10-08 04:06:13.097528',0,0,NULL,0,121,NULL);
INSERT INTO tasks_task1play VALUES(437,'2016-10-08 04:06:16.821538',0,0,NULL,0,121,NULL);
INSERT INTO tasks_task1play VALUES(438,'2016-10-08 04:06:40.856728',0,3,NULL,0,121,NULL);
INSERT INTO tasks_task1play VALUES(439,'2016-10-13 14:46:27.215962',2,6,NULL,0,7,NULL);
INSERT INTO tasks_task1play VALUES(440,'2016-10-13 16:32:34.935858',0,0,NULL,0,110,NULL);
INSERT INTO tasks_task1play VALUES(441,'2016-10-17 09:15:29.196717',2,1,NULL,0,110,NULL);
INSERT INTO tasks_task1play VALUES(442,'2016-11-14 17:05:33.839943',0,0,NULL,0,7,NULL);
INSERT INTO tasks_task1play VALUES(443,'2016-12-02 14:26:49.667084',0,0,NULL,0,124,NULL);
INSERT INTO tasks_task1play VALUES(444,'2016-12-18 21:24:57.740447',2,2,NULL,0,50,NULL);
INSERT INTO tasks_task1play VALUES(445,'2017-01-27 11:04:50.427906',0,0,NULL,0,1,NULL);
INSERT INTO tasks_task1play VALUES(446,'2018-09-16 09:06:01.976115',1,2,NULL,0,1,NULL);
INSERT INTO tasks_task1play VALUES(447,'2019-09-30 10:29:08.795828',0,0,NULL,0,1,NULL);
INSERT INTO tasks_task1play VALUES(448,'2019-10-11 12:32:21.678873',3,2,NULL,0,1,NULL);
INSERT INTO tasks_task1play VALUES(449,'2019-10-11 13:12:34.244010',0,0,NULL,0,133,NULL);
INSERT INTO tasks_task1play VALUES(450,'2019-10-13 15:50:03.443747',5,2,'2019-10-13 15:50:57.642357',1,133,54198610);
INSERT INTO tasks_task1play VALUES(451,'2019-10-13 15:51:31.498743',5,0,'2019-10-13 15:52:07.525950',1,133,36027207);
INSERT INTO tasks_task1play VALUES(452,'2019-10-13 15:52:16.043231',5,2,'2019-10-13 15:52:44.947078',1,133,28903847);
INSERT INTO tasks_task1play VALUES(453,'2019-10-13 15:52:54.614400',5,4,'2019-10-13 15:53:35.817352',1,133,41202952);
INSERT INTO tasks_task1play VALUES(454,'2019-10-13 15:54:02.488735',0,3,NULL,0,133,NULL);
INSERT INTO tasks_task1play VALUES(455,'2019-10-13 15:54:44.527747',3,4,NULL,0,133,NULL);
INSERT INTO tasks_task1play VALUES(456,'2019-10-13 16:04:14.596757',5,2,'2019-10-13 16:04:41.303154',1,133,26706397);
INSERT INTO tasks_task1play VALUES(457,'2019-10-13 16:04:47.032247',5,0,'2019-10-13 16:05:08.147502',1,133,21115255);
INSERT INTO tasks_task1play VALUES(458,'2019-10-13 16:05:32.744582',5,0,'2019-10-13 16:06:01.790225',1,133,29045643);
INSERT INTO tasks_task1play VALUES(459,'2019-10-13 16:06:09.807755',0,1,NULL,0,133,NULL);
INSERT INTO tasks_task1play VALUES(460,'2019-10-13 16:12:32.795411',4,2,NULL,0,133,NULL);
INSERT INTO tasks_task1play VALUES(461,'2019-10-13 16:13:44.545378',1,3,NULL,0,133,NULL);
INSERT INTO tasks_task1play VALUES(462,'2019-10-13 16:14:14.938945',4,2,NULL,0,133,NULL);
INSERT INTO tasks_task1play VALUES(463,'2019-10-13 16:15:01.544473',2,2,NULL,0,133,NULL);
INSERT INTO tasks_task1play VALUES(464,'2019-10-13 16:15:23.341053',0,2,NULL,0,133,NULL);
INSERT INTO tasks_task1play VALUES(465,'2019-10-13 16:15:51.081934',1,1,NULL,0,133,NULL);
INSERT INTO tasks_task1play VALUES(466,'2019-10-13 16:16:00.182031',5,0,'2019-10-13 16:16:28.115575',1,133,27933544);
INSERT INTO tasks_task1play VALUES(467,'2019-10-13 16:16:38.049515',0,1,NULL,0,133,NULL);
INSERT INTO tasks_task1play VALUES(468,'2019-10-13 16:19:50.958949',2,1,NULL,0,133,NULL);
INSERT INTO tasks_task1play VALUES(469,'2019-10-13 17:27:48.101260',5,1,'2019-10-13 17:28:17.941646',1,133,29840386);
INSERT INTO tasks_task1play VALUES(470,'2019-10-13 17:28:33.348972',5,0,'2019-10-13 17:28:53.162225',1,133,19813253);
INSERT INTO tasks_task1play VALUES(471,'2019-10-13 17:29:01.561800',3,1,NULL,0,133,NULL);
INSERT INTO tasks_task1play VALUES(472,'2019-10-13 17:29:33.550043',3,1,NULL,0,133,NULL);
INSERT INTO tasks_task1play VALUES(473,'2019-10-13 17:29:59.948094',1,0,NULL,0,133,NULL);
INSERT INTO tasks_task1play VALUES(474,'2019-10-13 17:30:17.159792',1,2,NULL,0,133,NULL);
INSERT INTO tasks_task1play VALUES(475,'2019-10-13 17:30:50.071575',2,2,NULL,0,133,NULL);
INSERT INTO tasks_task1play VALUES(476,'2019-10-13 17:32:18.177062',0,1,NULL,0,133,NULL);
INSERT INTO tasks_task1play VALUES(477,'2019-10-13 17:32:25.000952',2,1,NULL,0,133,NULL);
INSERT INTO tasks_task1play VALUES(478,'2019-10-13 17:32:42.734982',4,2,NULL,0,133,NULL);
INSERT INTO tasks_task1play VALUES(479,'2019-10-13 17:34:19.684652',3,1,NULL,0,133,NULL);
INSERT INTO tasks_task1play VALUES(480,'2019-10-13 17:34:45.654222',2,1,NULL,0,133,NULL);
INSERT INTO tasks_task1play VALUES(481,'2019-10-13 17:35:03.475053',3,2,NULL,0,133,NULL);
INSERT INTO tasks_task1play VALUES(482,'2019-10-13 17:35:29.758092',1,1,NULL,0,133,NULL);
INSERT INTO tasks_task1play VALUES(483,'2019-10-13 17:35:42.781192',1,3,NULL,0,133,NULL);
INSERT INTO tasks_task1play VALUES(484,'2019-10-13 17:35:55.323647',1,2,NULL,0,133,NULL);
INSERT INTO tasks_task1play VALUES(485,'2019-10-13 17:36:14.213146',5,0,'2019-10-13 17:36:34.870010',1,133,20656864);
INSERT INTO tasks_task1play VALUES(486,'2019-10-13 17:36:50.957512',1,1,NULL,0,133,NULL);
INSERT INTO tasks_task1play VALUES(487,'2019-10-13 17:37:01.963622',5,0,'2019-10-13 17:37:21.435669',1,133,19472047);
INSERT INTO tasks_task1play VALUES(488,'2019-10-13 17:37:55.335425',2,0,NULL,0,133,NULL);
INSERT INTO tasks_task1play VALUES(489,'2019-10-13 17:38:40.793767',1,1,NULL,0,133,NULL);
INSERT INTO tasks_task1play VALUES(490,'2019-10-13 17:38:57.357095',3,1,NULL,0,133,NULL);
INSERT INTO tasks_task1play VALUES(491,'2019-10-13 17:39:31.232956',1,1,NULL,0,133,NULL);
INSERT INTO tasks_task1play VALUES(492,'2019-10-13 17:39:39.847073',1,3,NULL,0,133,NULL);
INSERT INTO tasks_task1play VALUES(493,'2019-10-13 17:39:58.391665',1,1,NULL,0,133,NULL);
INSERT INTO tasks_task1play VALUES(494,'2019-10-13 17:40:04.822342',2,2,NULL,0,133,NULL);
INSERT INTO tasks_task1play VALUES(495,'2019-10-13 17:40:23.808210',1,2,NULL,0,133,NULL);
INSERT INTO tasks_task1play VALUES(496,'2019-10-13 17:40:34.857349',2,3,NULL,0,133,NULL);
INSERT INTO tasks_task1play VALUES(497,'2019-10-13 17:40:59.048720',2,1,NULL,0,133,NULL);
INSERT INTO tasks_task1play VALUES(498,'2019-10-13 17:41:09.822071',4,1,NULL,0,133,NULL);
INSERT INTO tasks_task1play VALUES(499,'2019-10-13 17:41:38.660633',1,0,NULL,0,133,NULL);
INSERT INTO tasks_task1play VALUES(500,'2019-10-13 17:42:00.686845',4,1,NULL,0,133,NULL);
INSERT INTO tasks_task1play VALUES(501,'2019-10-13 17:42:30.835687',2,1,NULL,0,133,NULL);
INSERT INTO tasks_task1play VALUES(502,'2019-10-13 17:42:40.501608',5,0,'2019-10-13 17:43:00.287400',1,133,19785792);
INSERT INTO tasks_task1play VALUES(503,'2019-10-14 05:37:48.924175',2,1,NULL,0,133,NULL);
INSERT INTO tasks_task1play VALUES(504,'2019-10-14 05:38:00.192696',2,2,NULL,0,133,NULL);
INSERT INTO tasks_task1play VALUES(505,'2019-10-14 05:38:15.000002',4,0,NULL,0,133,NULL);
INSERT INTO tasks_task1play VALUES(506,'2019-10-14 05:38:48.170763',5,0,'2019-10-14 05:39:01.229663',1,133,13058900);
INSERT INTO tasks_task1play VALUES(507,'2019-10-14 05:39:21.360353',1,1,NULL,0,133,NULL);
INSERT INTO tasks_task1play VALUES(508,'2019-10-14 05:39:37.340619',2,1,NULL,0,133,NULL);
INSERT INTO tasks_task1play VALUES(509,'2019-10-14 05:40:11.708928',2,1,NULL,0,133,NULL);
INSERT INTO tasks_task1play VALUES(510,'2019-10-14 05:40:26.313097',4,2,NULL,0,133,NULL);
INSERT INTO tasks_task1play VALUES(511,'2019-10-14 06:20:58.498224',5,22,'2019-10-14 06:22:36.223742',1,134,97725518);
INSERT INTO tasks_task1play VALUES(512,'2019-10-14 06:28:17.533625',5,6,'2019-10-14 06:29:04.383308',1,134,46849683);
INSERT INTO tasks_task1play VALUES(513,'2019-10-14 06:29:40.158956',5,9,'2019-10-14 06:30:32.204292',1,134,52045336);
INSERT INTO tasks_task1play VALUES(514,'2019-10-14 06:30:34.811278',5,16,'2019-10-14 06:31:34.644078',1,134,59832800);
INSERT INTO tasks_task1play VALUES(515,'2019-10-14 06:47:59.182560',5,2,'2019-10-14 06:48:57.966401',1,134,58783841);
INSERT INTO tasks_task1play VALUES(516,'2019-10-14 08:50:21.103033',5,5,'2019-10-14 08:51:01.068298',1,134,39965265);
INSERT INTO tasks_task1play VALUES(517,'2019-10-14 08:51:14.764003',5,8,'2019-10-14 08:51:49.499532',1,134,34735529);
INSERT INTO tasks_task1play VALUES(518,'2019-10-14 08:52:03.517440',5,11,'2019-10-14 08:52:38.725510',1,134,35208070);
INSERT INTO tasks_task1play VALUES(519,'2019-10-14 08:52:42.842154',5,10,'2019-10-14 08:53:24.531989',1,134,41689835);
INSERT INTO tasks_task1play VALUES(520,'2019-10-14 08:53:30.442317',5,29,'2019-10-14 08:54:46.150149',1,134,75707832);
INSERT INTO tasks_task1play VALUES(521,'2019-10-14 08:54:52.315507',5,12,'2019-10-14 08:55:36.401316',1,134,44085809);
INSERT INTO tasks_task1play VALUES(522,'2019-10-14 08:55:39.554016',5,13,'2019-10-14 08:56:24.923086',1,134,45369070);
INSERT INTO tasks_task1play VALUES(523,'2019-10-14 08:56:27.370998',5,23,'2019-10-14 08:57:21.105156',1,134,53734158);
INSERT INTO tasks_task1play VALUES(524,'2019-10-14 08:58:42.038258',5,18,'2019-10-14 08:59:40.225298',1,134,58187040);
INSERT INTO tasks_task1play VALUES(525,'2019-10-14 08:59:43.106759',5,1,'2019-10-14 09:00:05.911474',1,134,22804715);
INSERT INTO tasks_task1play VALUES(526,'2019-10-14 09:00:37.488147',5,11,'2019-10-14 09:01:13.994578',1,134,36506431);
INSERT INTO tasks_task1play VALUES(527,'2019-10-14 09:01:23.492544',5,4,'2019-10-14 09:01:51.410855',1,134,27918311);
INSERT INTO tasks_task1play VALUES(528,'2019-10-14 09:02:03.141571',5,6,'2019-10-14 09:02:31.698949',1,134,28557378);
INSERT INTO tasks_task1play VALUES(529,'2019-10-14 09:02:34.126779',5,17,'2019-10-14 09:03:07.681677',1,134,33554898);
INSERT INTO tasks_task1play VALUES(530,'2019-10-14 09:03:10.318274',5,7,'2019-10-14 09:03:44.384971',1,134,34066697);
INSERT INTO tasks_task1play VALUES(531,'2019-10-14 09:03:53.465046',5,14,'2019-10-14 09:04:34.003006',1,134,40537960);
INSERT INTO tasks_task1play VALUES(532,'2019-10-14 11:17:54.338194',5,2,'2019-10-14 11:18:20.585229',1,134,26247035);
INSERT INTO tasks_task1play VALUES(533,'2019-10-15 07:33:23.796637',1,4,NULL,0,133,NULL);
INSERT INTO tasks_task1play VALUES(534,'2019-10-15 07:33:49.984619',1,1,NULL,0,133,NULL);
INSERT INTO tasks_task1play VALUES(535,'2019-10-15 07:34:13.924672',2,5,NULL,0,133,NULL);
INSERT INTO tasks_task1play VALUES(536,'2019-10-15 07:34:29.964782',2,1,NULL,0,133,NULL);
INSERT INTO tasks_task1play VALUES(537,'2019-10-15 07:34:44.013010',0,1,NULL,0,133,NULL);
INSERT INTO tasks_task1play VALUES(538,'2019-10-15 08:07:24.658512',1,1,NULL,0,133,NULL);
INSERT INTO tasks_task1play VALUES(539,'2020-10-15 15:07:45.874539',0,0,NULL,0,1,NULL);
INSERT INTO tasks_task1play VALUES(540,'2020-10-23 08:02:31.508274',0,1,NULL,0,137,NULL);
INSERT INTO tasks_task1play VALUES(541,'2020-10-23 08:03:29.366232',3,2,NULL,0,137,NULL);
INSERT INTO tasks_task1play VALUES(542,'2020-10-23 08:04:51.739080',0,1,NULL,0,137,NULL);
INSERT INTO tasks_task1play VALUES(543,'2020-10-23 08:05:39.206233',0,1,NULL,0,137,NULL);
INSERT INTO tasks_task1play VALUES(544,'2020-10-23 08:07:43.228699',1,2,NULL,0,137,NULL);
INSERT INTO tasks_task1play VALUES(545,'2020-10-23 08:08:42.074012',1,1,NULL,0,137,NULL);
INSERT INTO tasks_task1play VALUES(546,'2020-10-23 08:13:02.648454',2,3,NULL,0,137,NULL);
INSERT INTO tasks_task1play VALUES(547,'2020-10-23 08:23:47.637634',5,0,'2020-10-23 08:26:27.374320',1,137,159736686);
INSERT INTO tasks_task1play VALUES(548,'2020-10-23 08:27:34.940284',1,4,NULL,0,137,NULL);
INSERT INTO tasks_task1play VALUES(549,'2020-10-23 08:28:39.581975',5,1,'2020-10-23 08:31:34.408544',1,137,174826569);
INSERT INTO tasks_task1play VALUES(550,'2020-10-23 08:31:49.068540',0,0,NULL,0,137,NULL);
INSERT INTO tasks_task1play VALUES(551,'2020-10-23 08:33:05.441538',1,12,NULL,0,137,NULL);
INSERT INTO tasks_task1play VALUES(552,'2020-10-23 08:34:01.729683',2,8,NULL,0,137,NULL);
INSERT INTO tasks_task1play VALUES(553,'2020-10-23 08:35:39.687329',2,8,NULL,0,137,NULL);
INSERT INTO tasks_task1play VALUES(554,'2020-10-23 08:37:21.890379',1,1,NULL,0,137,NULL);
INSERT INTO tasks_task1play VALUES(555,'2020-10-23 08:38:11.000649',5,1,'2020-10-23 08:40:16.103652',1,137,125103003);
INSERT INTO tasks_task1play VALUES(556,'2020-10-23 08:40:26.612686',4,2,NULL,0,137,NULL);
INSERT INTO tasks_task1play VALUES(557,'2020-10-23 08:43:18.304881',1,4,NULL,0,137,NULL);
INSERT INTO tasks_task1play VALUES(558,'2020-10-23 08:44:04.284919',1,13,NULL,0,137,NULL);
INSERT INTO tasks_task1play VALUES(559,'2020-10-23 08:44:48.214851',3,3,NULL,0,137,NULL);
INSERT INTO tasks_task1play VALUES(560,'2020-10-23 08:47:05.157842',5,1,'2020-10-23 08:48:50.969739',1,137,105811897);
INSERT INTO tasks_task1play VALUES(561,'2020-10-23 08:50:10.721135',5,1,'2020-10-23 08:51:23.432530',1,137,72711395);
INSERT INTO tasks_task1play VALUES(562,'2020-10-23 08:51:34.411950',2,4,NULL,0,137,NULL);
INSERT INTO tasks_task1play VALUES(563,'2020-10-23 08:52:38.428151',5,0,'2020-10-23 08:54:22.015027',1,137,103586876);
INSERT INTO tasks_task1play VALUES(564,'2020-10-23 08:54:43.352531',4,2,NULL,0,137,NULL);
INSERT INTO tasks_task1play VALUES(565,'2020-10-23 08:57:32.979659',3,13,NULL,0,137,NULL);
INSERT INTO tasks_task1play VALUES(566,'2020-10-23 08:58:56.858490',1,2,NULL,0,137,NULL);
INSERT INTO tasks_task1play VALUES(567,'2020-10-23 09:00:04.069390',2,1,NULL,0,137,NULL);
INSERT INTO tasks_task1play VALUES(568,'2020-10-23 09:00:38.447103',1,3,NULL,0,137,NULL);
INSERT INTO tasks_task1play VALUES(569,'2020-10-23 09:01:22.377695',4,4,NULL,0,137,NULL);
INSERT INTO tasks_task1play VALUES(570,'2020-10-23 09:02:44.191976',2,1,NULL,0,137,NULL);
INSERT INTO tasks_task1play VALUES(571,'2020-10-23 09:04:30.944731',0,1,NULL,0,137,NULL);
INSERT INTO tasks_task1play VALUES(572,'2020-10-23 09:05:19.038675',4,3,NULL,0,137,NULL);
INSERT INTO tasks_task1play VALUES(573,'2020-10-23 09:07:43.459652',1,11,NULL,0,137,NULL);
INSERT INTO tasks_task1play VALUES(574,'2020-10-23 09:08:20.699765',3,4,NULL,0,137,NULL);
INSERT INTO tasks_task1play VALUES(575,'2020-10-23 09:09:28.748940',5,0,'2020-10-23 09:11:04.627345',1,137,95878405);
INSERT INTO tasks_task1play VALUES(576,'2020-10-23 09:11:12.528249',1,2,NULL,0,137,NULL);
INSERT INTO tasks_task1play VALUES(577,'2020-10-23 09:11:48.626888',5,1,'2020-10-23 09:12:40.333153',1,137,51706265);
INSERT INTO tasks_task1play VALUES(578,'2020-10-26 12:54:04.972654',0,1,NULL,0,136,NULL);
INSERT INTO tasks_task1play VALUES(579,'2020-10-26 13:02:14.895621',1,2,NULL,0,136,NULL);
INSERT INTO tasks_task1play VALUES(580,'2020-10-26 13:03:01.491954',0,1,NULL,0,136,NULL);
INSERT INTO tasks_task1play VALUES(581,'2020-10-26 13:03:23.231363',2,3,NULL,0,136,NULL);
INSERT INTO tasks_task1play VALUES(582,'2020-10-26 13:05:10.642770',1,2,NULL,0,136,NULL);
INSERT INTO tasks_task1play VALUES(583,'2020-10-26 13:06:43.725221',5,1,'2020-10-26 13:08:32.963106',1,136,109237885);
INSERT INTO tasks_task1play VALUES(584,'2020-10-26 13:09:03.873741',2,2,NULL,0,136,NULL);
INSERT INTO tasks_task1play VALUES(585,'2020-10-26 13:10:10.122919',1,3,NULL,0,136,NULL);
INSERT INTO tasks_task1play VALUES(586,'2020-10-26 13:11:12.449432',1,4,NULL,0,136,NULL);
INSERT INTO tasks_task1play VALUES(587,'2020-10-26 13:12:10.576429',0,4,NULL,0,136,NULL);
INSERT INTO tasks_task1play VALUES(588,'2020-11-09 08:54:10.390879',1,7,NULL,0,135,NULL);
INSERT INTO tasks_task1play VALUES(589,'2021-04-13 14:26:11.164871',0,0,NULL,0,1,NULL);
INSERT INTO tasks_task1play VALUES(590,'2021-04-13 14:26:35.379348',0,0,NULL,0,1,NULL);
INSERT INTO tasks_task1play VALUES(591,'2021-08-16 20:19:16.425335',0,5,NULL,0,7,NULL);
CREATE TABLE IF NOT EXISTS "quiz_category" ("id" integer NOT NULL PRIMARY KEY AUTOINCREMENT, "category" varchar(250) NULL UNIQUE);
INSERT INTO quiz_category VALUES(1,'crystallography');
INSERT INTO quiz_category VALUES(2,'questionnaires');
CREATE TABLE IF NOT EXISTS "quiz_subcategory" ("id" integer NOT NULL PRIMARY KEY AUTOINCREMENT, "sub_category" varchar(250) NULL, "category_id" integer NULL REFERENCES "quiz_category" ("id"));
CREATE TABLE IF NOT EXISTS "quiz_quiz" ("id" integer NOT NULL PRIMARY KEY AUTOINCREMENT, "title" varchar(60) NOT NULL, "description" text NOT NULL, "url" varchar(60) NOT NULL, "category_id" integer NULL REFERENCES "quiz_category" ("id"), "random_order" bool NOT NULL, "max_questions" integer unsigned NULL, "answers_at_end" bool NOT NULL, "exam_paper" bool NOT NULL, "single_attempt" bool NOT NULL, "pass_mark" smallint NOT NULL, "success_text" text NOT NULL, "fail_text" text NOT NULL, "draft" bool NOT NULL);
INSERT INTO quiz_quiz VALUES(1,'Group theory quiz','This is a quiz in which you will test your knowledge of the basics of the group theory.','groups',1,0,NULL,1,1,0,50,'Great! You have now sucessfully passed the basic group theory test.','Sorry but you have not passed, as most of your answers were incorrect. Try again after reviewing the right answers.',0);
CREATE TABLE IF NOT EXISTS "quiz_progress" ("id" integer NOT NULL PRIMARY KEY AUTOINCREMENT, "user_id" integer NOT NULL UNIQUE REFERENCES "auth_user" ("id"), "score" varchar(1024) NOT NULL);
INSERT INTO quiz_progress VALUES(3,134,'crystallography,12,21,');
CREATE TABLE IF NOT EXISTS "quiz_sitting" ("id" integer NOT NULL PRIMARY KEY AUTOINCREMENT, "user_id" integer NOT NULL REFERENCES "auth_user" ("id"), "quiz_id" integer NOT NULL REFERENCES "quiz_quiz" ("id"), "question_order" varchar(1024) NOT NULL, "question_list" varchar(1024) NOT NULL, "incorrect_questions" varchar(1024) NOT NULL, "current_score" integer NOT NULL, "complete" bool NOT NULL, "user_answers" text NOT NULL, "start" datetime NOT NULL, "end" datetime NULL);
INSERT INTO quiz_sitting VALUES(1,124,1,'1,2,3,4,5,','1,2,3,4,5,','',0,0,'{}','2016-09-25 13:00:55.960717',NULL);
INSERT INTO quiz_sitting VALUES(2,7,1,'1,2,3,4,5,6,7,','3,4,5,6,7,','',2,0,'{"1": "False", "2": "False"}','2016-10-01 06:51:01.829260',NULL);
INSERT INTO quiz_sitting VALUES(3,1,1,'1,2,3,4,5,6,7,','','4,,5,',5,1,'{"7": "False", "1": "False", "3": "2", "2": "False", "5": "8", "4": "5", "6": "True"}','2019-10-10 08:37:00.423312','2019-10-10 10:54:42.831401');
INSERT INTO quiz_sitting VALUES(4,1,1,'1,2,3,4,5,6,7,','','4,,5,',5,1,'{"7": "False", "1": "False", "3": "2", "2": "False", "5": "8", "4": "5", "6": "True"}','2019-10-10 11:42:16.875986','2019-10-10 12:40:18.032542');
INSERT INTO quiz_sitting VALUES(5,1,1,'1,2,3,4,5,6,7,','','1,,7,',5,1,'{"7": "True", "1": "True", "3": "2", "2": "False", "5": "8", "4": "5", "6": "True"}','2019-10-10 12:43:06.056714','2019-10-10 12:43:34.520766');
INSERT INTO quiz_sitting VALUES(6,1,1,'1,2,3,4,5,6,7,','','1,',6,1,'{"7": "False", "1": "True", "3": "2", "2": "False", "5": "8", "4": "5", "6": "True"}','2019-10-10 12:43:45.143606','2019-10-10 12:44:16.171013');
INSERT INTO quiz_sitting VALUES(7,1,1,'1,2,3,4,5,6,7,','1,2,3,4,5,6,7,','',0,0,'{}','2019-10-10 12:44:58.157223',NULL);
INSERT INTO quiz_sitting VALUES(8,134,1,'1,2,3,4,5,6,7,','','1,,2,,4,,7,',3,1,'{"7": "True", "1": "True", "3": "2", "2": "True", "5": "8", "4": "4", "6": "True"}','2019-10-14 06:51:31.355403','2019-10-14 06:52:40.481030');
INSERT INTO quiz_sitting VALUES(9,134,1,'1,2,3,4,5,6,7,','','1,,2,,3,,4,,5,',2,1,'{"7": "False", "1": "True", "3": "3", "2": "True", "5": "7", "4": "4", "6": "True"}','2019-10-14 08:44:01.679875','2019-10-14 08:44:25.036316');
INSERT INTO quiz_sitting VALUES(10,134,1,'1,2,3,4,5,6,7,','','',7,1,'{"7": "False", "1": "False", "3": "2", "2": "False", "5": "8", "4": "5", "6": "True"}','2019-10-14 08:45:40.884953','2019-10-14 08:46:04.879954');
CREATE TABLE IF NOT EXISTS "quiz_question" ("id" integer NOT NULL PRIMARY KEY AUTOINCREMENT, "category_id" integer NULL REFERENCES "quiz_category" ("id"), "sub_category_id" integer NULL REFERENCES "quiz_subcategory" ("id"), "figure" varchar(100) NULL, "content" varchar(1000) NOT NULL, "explanation" text NOT NULL);
INSERT INTO quiz_question VALUES(1,1,NULL,'','All groups are necessarily commutative','This is of course not true. Group is commutative if for all the members of the group ab=ba holds, but this is not so always.');
INSERT INTO quiz_question VALUES(2,1,NULL,'','Simple groups do not have subgroups?','Simple groups are grops that do not have any nontrivial normal subgroups. This does not mean that they are not allowed to have subgroups that are not normal.');
INSERT INTO quiz_question VALUES(3,1,NULL,'','The order of the group G, denoted |G| is:','Order of the group is simply the number of elements in the group.');
INSERT INTO quiz_question VALUES(4,1,NULL,'','What is the order of the group of symmetry of square, 4mm?','The order is number of 8, that is 4 rotations + 4 mirror lines.');
INSERT INTO quiz_question VALUES(5,1,NULL,'','What is the generator of the group?','The generators of the group are elements that can be combined by themselves and all other elements of the group can thus be generated.');
INSERT INTO quiz_question VALUES(6,1,NULL,'','Group 2 (180 rotations) is a subgroup of group 4 (90 degree rotations) around the same axis?','The group {e,2} is the subgroup of {e, 2, 4+, 4-}.');
INSERT INTO quiz_question VALUES(7,1,NULL,'','Lagrange''s theorem states that order of the subgroup may be any number lower than the order of the group?','No this is false. Lagrenge''s theorem states that the order of any subgroup can only be a number which devides the order of the group. So for example the order of any subgroup of a group of say 12 members may be 2,3,4,6.');
CREATE TABLE IF NOT EXISTS "quiz_question_quiz" ("id" integer NOT NULL PRIMARY KEY AUTOINCREMENT, "question_id" integer NOT NULL REFERENCES "quiz_question" ("id"), "quiz_id" integer NOT NULL REFERENCES "quiz_quiz" ("id"), UNIQUE ("question_id", "quiz_id"));
INSERT INTO quiz_question_quiz VALUES(1,1,1);
INSERT INTO quiz_question_quiz VALUES(2,2,1);
INSERT INTO quiz_question_quiz VALUES(3,3,1);
INSERT INTO quiz_question_quiz VALUES(4,4,1);
INSERT INTO quiz_question_quiz VALUES(5,5,1);
INSERT INTO quiz_question_quiz VALUES(6,6,1);
INSERT INTO quiz_question_quiz VALUES(7,7,1);
CREATE TABLE IF NOT EXISTS "multichoice_mcquestion" ("question_ptr_id" integer NOT NULL PRIMARY KEY REFERENCES "quiz_question" ("id"), "answer_order" varchar(30) NULL);
INSERT INTO multichoice_mcquestion VALUES(3,NULL);
INSERT INTO multichoice_mcquestion VALUES(4,NULL);
INSERT INTO multichoice_mcquestion VALUES(5,NULL);
CREATE TABLE IF NOT EXISTS "multichoice_answer" ("id" integer NOT NULL PRIMARY KEY AUTOINCREMENT, "question_id" integer NOT NULL REFERENCES "multichoice_mcquestion" ("question_ptr_id"), "content" varchar(1000) NOT NULL, "correct" bool NOT NULL);
INSERT INTO multichoice_answer VALUES(1,3,'It is the sequence of elements in the group.',0);
INSERT INTO multichoice_answer VALUES(2,3,'It is the number of elements in the group.',1);
INSERT INTO multichoice_answer VALUES(3,3,'It is only deffined if the group is ordered.',0);
INSERT INTO multichoice_answer VALUES(4,4,'4',0);
INSERT INTO multichoice_answer VALUES(5,4,'8',1);
INSERT INTO multichoice_answer VALUES(6,4,'16',0);
INSERT INTO multichoice_answer VALUES(7,5,'It is the subgroup that generates the whole group.',0);
INSERT INTO multichoice_answer VALUES(8,5,'These are the elements of the group that can be multiplied and thus all other elements of the group generated',1);
INSERT INTO multichoice_answer VALUES(9,5,'None of the two other answers.',0);
CREATE TABLE IF NOT EXISTS "essay_essay_question" ("question_ptr_id" integer NOT NULL PRIMARY KEY REFERENCES "quiz_question" ("id"));
CREATE TABLE IF NOT EXISTS "true_false_tf_question" ("question_ptr_id" integer NOT NULL PRIMARY KEY REFERENCES "quiz_question" ("id"), "correct" bool NOT NULL);
INSERT INTO true_false_tf_question VALUES(1,0);
INSERT INTO true_false_tf_question VALUES(2,0);
INSERT INTO true_false_tf_question VALUES(6,1);
INSERT INTO true_false_tf_question VALUES(7,0);
CREATE TABLE IF NOT EXISTS "account_passwordexpiry" ("id" integer NOT NULL PRIMARY KEY AUTOINCREMENT, "expiry" integer unsigned NOT NULL CHECK ("expiry" >= 0), "user_id" integer NOT NULL UNIQUE REFERENCES "auth_user" ("id") DEFERRABLE INITIALLY DEFERRED);
CREATE TABLE IF NOT EXISTS "account_passwordhistory" ("id" integer NOT NULL PRIMARY KEY AUTOINCREMENT, "password" varchar(255) NOT NULL, "timestamp" datetime NOT NULL, "user_id" integer NOT NULL REFERENCES "auth_user" ("id") DEFERRABLE INITIALLY DEFERRED);
CREATE TABLE IF NOT EXISTS "account_account" ("id" integer NOT NULL PRIMARY KEY AUTOINCREMENT, "timezone" varchar(100) NOT NULL, "user_id" integer NOT NULL UNIQUE REFERENCES "auth_user" ("id") DEFERRABLE INITIALLY DEFERRED, "language" varchar(10) NOT NULL);
INSERT INTO account_account VALUES(1,'',1,'en-us');
INSERT INTO account_account VALUES(7,'',7,'en-us');
INSERT INTO account_account VALUES(8,'',8,'en-us');
INSERT INTO account_account VALUES(9,'',9,'en-us');
INSERT INTO account_account VALUES(10,'',10,'en-us');
INSERT INTO account_account VALUES(11,'',11,'en-us');
INSERT INTO account_account VALUES(12,'',12,'en-us');
INSERT INTO account_account VALUES(13,'',13,'en-us');
INSERT INTO account_account VALUES(14,'',14,'en-us');
INSERT INTO account_account VALUES(15,'',15,'en-us');
INSERT INTO account_account VALUES(16,'',16,'en-us');
INSERT INTO account_account VALUES(17,'',17,'en-us');
INSERT INTO account_account VALUES(18,'',18,'en-us');
INSERT INTO account_account VALUES(19,'',19,'en-us');
INSERT INTO account_account VALUES(20,'',20,'en-us');
INSERT INTO account_account VALUES(21,'',21,'en-us');
INSERT INTO account_account VALUES(22,'',22,'en-us');
INSERT INTO account_account VALUES(23,'',23,'en-us');
INSERT INTO account_account VALUES(24,'',24,'en-us');
INSERT INTO account_account VALUES(25,'',25,'en-us');
INSERT INTO account_account VALUES(26,'',26,'en-us');
INSERT INTO account_account VALUES(27,'',27,'en-us');
INSERT INTO account_account VALUES(28,'',28,'en-us');
INSERT INTO account_account VALUES(29,'',29,'en-us');
INSERT INTO account_account VALUES(30,'',30,'en-us');
INSERT INTO account_account VALUES(31,'',31,'en-us');
INSERT INTO account_account VALUES(32,'',32,'en-us');
INSERT INTO account_account VALUES(33,'',33,'en-us');
INSERT INTO account_account VALUES(34,'',34,'en-us');
INSERT INTO account_account VALUES(35,'',35,'en-us');
INSERT INTO account_account VALUES(36,'',36,'en-us');
INSERT INTO account_account VALUES(37,'',37,'en-us');
INSERT INTO account_account VALUES(38,'',38,'en-us');
INSERT INTO account_account VALUES(39,'',39,'en-us');
INSERT INTO account_account VALUES(40,'',40,'en-us');
INSERT INTO account_account VALUES(41,'',41,'en-us');
INSERT INTO account_account VALUES(42,'',42,'en-us');
INSERT INTO account_account VALUES(43,'',43,'en-us');
INSERT INTO account_account VALUES(44,'',44,'en-us');
INSERT INTO account_account VALUES(45,'',45,'en-us');
INSERT INTO account_account VALUES(46,'',46,'en-us');
INSERT INTO account_account VALUES(47,'',47,'en-us');
INSERT INTO account_account VALUES(48,'',48,'en-us');
INSERT INTO account_account VALUES(49,'',49,'en-us');
INSERT INTO account_account VALUES(50,'',50,'en-us');
INSERT INTO account_account VALUES(51,'',51,'en-us');
INSERT INTO account_account VALUES(52,'',52,'en-us');
INSERT INTO account_account VALUES(53,'',53,'en-us');
INSERT INTO account_account VALUES(54,'',54,'en-us');
INSERT INTO account_account VALUES(55,'',55,'en-us');
INSERT INTO account_account VALUES(56,'',56,'en-us');
INSERT INTO account_account VALUES(57,'',57,'en-us');
INSERT INTO account_account VALUES(58,'',58,'en-us');
INSERT INTO account_account VALUES(59,'',59,'en-us');
INSERT INTO account_account VALUES(60,'',60,'en-us');
INSERT INTO account_account VALUES(61,'',61,'en-us');
INSERT INTO account_account VALUES(62,'',62,'en-us');
INSERT INTO account_account VALUES(63,'',63,'en-us');
INSERT INTO account_account VALUES(64,'',64,'en-us');
INSERT INTO account_account VALUES(65,'',65,'en-us');
INSERT INTO account_account VALUES(66,'',66,'en-us');
INSERT INTO account_account VALUES(67,'',67,'en-us');
INSERT INTO account_account VALUES(68,'',68,'en-us');
INSERT INTO account_account VALUES(69,'',69,'en-us');
INSERT INTO account_account VALUES(70,'',70,'en-us');
INSERT INTO account_account VALUES(71,'',71,'en-us');
INSERT INTO account_account VALUES(72,'',72,'en-us');
INSERT INTO account_account VALUES(73,'',73,'en-us');
INSERT INTO account_account VALUES(74,'',74,'en-us');
INSERT INTO account_account VALUES(75,'',75,'en-us');
INSERT INTO account_account VALUES(76,'',76,'en-us');
INSERT INTO account_account VALUES(77,'',77,'en-us');
INSERT INTO account_account VALUES(78,'',78,'en-us');
INSERT INTO account_account VALUES(79,'',79,'en-us');
INSERT INTO account_account VALUES(80,'',80,'en-us');
INSERT INTO account_account VALUES(81,'',81,'en-us');
INSERT INTO account_account VALUES(82,'',82,'en-us');
INSERT INTO account_account VALUES(83,'',83,'en-us');
INSERT INTO account_account VALUES(84,'',84,'en-us');
INSERT INTO account_account VALUES(85,'',85,'en-us');
INSERT INTO account_account VALUES(86,'',86,'en-us');
INSERT INTO account_account VALUES(87,'',87,'en-us');
INSERT INTO account_account VALUES(88,'',88,'en-us');
INSERT INTO account_account VALUES(89,'',89,'en-us');
INSERT INTO account_account VALUES(90,'',90,'en-us');
INSERT INTO account_account VALUES(91,'',91,'en-us');
INSERT INTO account_account VALUES(92,'',92,'en-us');
INSERT INTO account_account VALUES(93,'',93,'en-us');
INSERT INTO account_account VALUES(94,'',94,'en-us');
INSERT INTO account_account VALUES(95,'',95,'en-us');
INSERT INTO account_account VALUES(96,'',96,'en-us');
INSERT INTO account_account VALUES(97,'',97,'en-us');
INSERT INTO account_account VALUES(98,'',98,'en-us');
INSERT INTO account_account VALUES(99,'',99,'en-us');
INSERT INTO account_account VALUES(100,'',100,'en-us');
INSERT INTO account_account VALUES(101,'',101,'en-us');
INSERT INTO account_account VALUES(102,'',102,'en-us');
INSERT INTO account_account VALUES(103,'',103,'en-us');
INSERT INTO account_account VALUES(104,'',104,'en-us');
INSERT INTO account_account VALUES(105,'',105,'en-us');
INSERT INTO account_account VALUES(106,'',106,'en-us');
INSERT INTO account_account VALUES(107,'',107,'en-us');
INSERT INTO account_account VALUES(108,'',108,'en-us');
INSERT INTO account_account VALUES(109,'',109,'en-us');
INSERT INTO account_account VALUES(110,'',110,'en-us');
INSERT INTO account_account VALUES(111,'',111,'en-us');
INSERT INTO account_account VALUES(112,'',112,'en-us');
INSERT INTO account_account VALUES(113,'',113,'en-us');
INSERT INTO account_account VALUES(114,'',114,'en-us');
INSERT INTO account_account VALUES(115,'',115,'en-us');
INSERT INTO account_account VALUES(116,'',116,'en-us');
INSERT INTO account_account VALUES(117,'',117,'en-us');
INSERT INTO account_account VALUES(118,'',118,'en-us');
INSERT INTO account_account VALUES(119,'',119,'en-us');
INSERT INTO account_account VALUES(120,'',120,'en-us');
INSERT INTO account_account VALUES(121,'',121,'en-us');
INSERT INTO account_account VALUES(122,'',122,'en-us');
INSERT INTO account_account VALUES(123,'',123,'en-us');
INSERT INTO account_account VALUES(124,'',124,'en-us');
INSERT INTO account_account VALUES(125,'',125,'en-us');
INSERT INTO account_account VALUES(126,'',126,'en-us');
INSERT INTO account_account VALUES(128,'',128,'en-us');
INSERT INTO account_account VALUES(129,'',129,'en-us');
INSERT INTO account_account VALUES(130,'',130,'en-us');
INSERT INTO account_account VALUES(131,'',131,'en-us');
INSERT INTO account_account VALUES(132,'',132,'en-us');
INSERT INTO account_account VALUES(133,'',133,'en-us');
INSERT INTO account_account VALUES(134,'',134,'en-us');
INSERT INTO account_account VALUES(135,'',135,'en-us');
INSERT INTO account_account VALUES(136,'',136,'en-us');
INSERT INTO account_account VALUES(137,'',137,'en-us');
INSERT INTO account_account VALUES(138,'',138,'en');
CREATE TABLE IF NOT EXISTS "django_admin_log" ("id" integer NOT NULL PRIMARY KEY AUTOINCREMENT, "action_time" datetime NOT NULL, "object_id" text NULL, "object_repr" varchar(200) NOT NULL, "change_message" text NOT NULL, "content_type_id" integer NULL REFERENCES "django_content_type" ("id") DEFERRABLE INITIALLY DEFERRED, "user_id" integer NOT NULL REFERENCES "auth_user" ("id") DEFERRABLE INITIALLY DEFERRED, "action_flag" smallint unsigned NOT NULL CHECK ("action_flag" >= 0));
INSERT INTO django_admin_log VALUES(1,'2016-09-25 12:34:14.476360','1','crystallography','Added.',16,124,1);
INSERT INTO django_admin_log VALUES(2,'2016-09-25 12:36:08.823976','1','Group theory quiz','Added.',18,124,1);
INSERT INTO django_admin_log VALUES(3,'2016-09-25 12:47:50.441713','1','All groups are necessarily commutative','Added.',25,124,1);
INSERT INTO django_admin_log VALUES(4,'2016-09-25 12:50:24.239949','2','Simple groups do not have subgroups?','Added.',25,124,1);
INSERT INTO django_admin_log VALUES(5,'2016-09-25 12:51:50.859361','3','The order of the group G, denoted |G| is:','Added. Added Answer "It is the sequence of elements in the group.". Added Answer "It is the number of elements in the group.". Added Answer "It is only deffined if the group is ordered.".',22,124,1);
INSERT INTO django_admin_log VALUES(6,'2016-09-25 12:52:00.990222','3','The order of the group G, denoted |G| is:','Changed correct for Answer "It is the number of elements in the group.".',22,124,2);
INSERT INTO django_admin_log VALUES(7,'2016-09-25 12:54:42.583328','4','What is the order of the group of symmetry of square, 4mm?','Added. Added Answer "4". Added Answer "8". Added Answer "16".',22,124,1);
INSERT INTO django_admin_log VALUES(8,'2016-09-25 13:00:18.694963','5','What is the generator of the group?','Added. Added Answer "It is the subgroup that generates the whole group.". Added Answer "These are the elements of the group that can be multiplied and thus all other elements of the group generated". Added Answer "None of the two other answers.".',22,124,1);
INSERT INTO django_admin_log VALUES(9,'2016-09-25 13:03:39.029663','6','Group 2 (180 rotations) is a subgroup of group 4 (90 degree rotations) around the same axis?','Added.',25,124,1);
INSERT INTO django_admin_log VALUES(10,'2016-09-25 13:10:23.150142','7','Lagrange''s theorem states that order of the subgroup may be any number lower than the order of the group?','Added.',25,124,1);
INSERT INTO django_admin_log VALUES(11,'2016-10-03 12:58:55.737889','2','questionnaires','Added.',16,124,1);
INSERT INTO django_admin_log VALUES(12,'2016-10-03 13:01:42.089604','2','ECS3 questionnaire','Added.',18,124,1);
INSERT INTO django_admin_log VALUES(13,'2016-12-02 14:24:34.924116','127','dubravka','Added.',4,124,1);
INSERT INTO django_admin_log VALUES(14,'2016-12-02 14:25:08.064603','127','dubravka','Changed first_name, last_name and email.',4,124,2);
INSERT INTO django_admin_log VALUES(15,'2018-09-18 09:30:40.690782','128','valentina','Added.',4,124,1);
INSERT INTO django_admin_log VALUES(16,'2018-09-18 09:31:08.629546','128','valentina','Changed first_name, last_name and email.',4,124,2);
INSERT INTO django_admin_log VALUES(17,'2018-09-18 09:31:51.279605','129','teodoro','Added.',4,124,1);
INSERT INTO django_admin_log VALUES(18,'2018-09-18 09:32:02.177580','130','ante','Added.',4,124,1);
INSERT INTO django_admin_log VALUES(19,'2018-09-18 09:32:31.784138','129','teodoro','Changed first_name, last_name and email.',4,124,2);
INSERT INTO django_admin_log VALUES(20,'2018-09-18 09:33:14.593637','130','ante','Changed first_name, last_name and email.',4,124,2);
INSERT INTO django_admin_log VALUES(21,'2019-10-01 16:43:35.612931','131','sergey','Added.',4,1,1);
INSERT INTO django_admin_log VALUES(22,'2019-10-01 16:45:48.921967','132','areej','Added.',4,1,1);
INSERT INTO django_admin_log VALUES(23,'2019-10-10 11:07:08.024687','2','ECS3 questionnaire','',18,1,3);
INSERT INTO django_admin_log VALUES(24,'2019-10-10 12:42:26.944462','4','What is the order of the group of symmetry of square, 4mm?','Changed correct for Answer "8".',22,1,2);
INSERT INTO django_admin_log VALUES(25,'2019-10-10 12:42:50.859705','5','What is the generator of the group?','Changed correct for Answer "These are the elements of the group that can be multiplied and thus all other elements of the group generated".',22,1,2);
INSERT INTO django_admin_log VALUES(26,'2019-10-10 12:45:39.847894','2','Progress for zoran','',19,1,3);
INSERT INTO django_admin_log VALUES(27,'2019-10-10 12:45:43.997257','1','Progress for zorans','',19,1,3);
INSERT INTO django_admin_log VALUES(28,'2019-10-10 12:46:31.175560','1','Group theory quiz','Changed fail_text.',18,1,2);
INSERT INTO django_admin_log VALUES(29,'2019-10-11 12:35:02.623225','133','mateja','Added.',4,1,1);
INSERT INTO django_admin_log VALUES(30,'2019-10-11 12:35:18.090543','134','luka','Added.',4,1,1);
INSERT INTO django_admin_log VALUES(31,'2019-10-11 12:35:41.502431','134','luka','Changed first_name and last_name.',4,1,2);
INSERT INTO django_admin_log VALUES(32,'2019-10-11 12:36:04.847276','133','mateja','Changed first_name and last_name.',4,1,2);
INSERT INTO django_admin_log VALUES(33,'2020-10-02 08:41:32.909965','135','Dubravka','Added.',4,124,1);
INSERT INTO django_admin_log VALUES(34,'2020-10-02 08:42:27.479002','135','Dubravka','Changed first_name, last_name and email.',4,124,2);
INSERT INTO django_admin_log VALUES(35,'2020-10-02 08:43:38.829415','127','dubravka','',4,124,3);
INSERT INTO django_admin_log VALUES(36,'2020-10-15 15:17:04.041222','136','NikolinaP','Added.',4,1,1);
INSERT INTO django_admin_log VALUES(37,'2020-10-15 15:17:19.829997','137','MirnaM','Added.',4,1,1);
INSERT INTO django_admin_log VALUES(38,'2020-10-15 15:17:56.027426','137','MirnaM','Changed first_name, last_name and email.',4,1,2);
INSERT INTO django_admin_log VALUES(39,'2020-10-15 15:18:24.723043','136','NikolinaP','Changed first_name, last_name and email.',4,1,2);
CREATE TABLE IF NOT EXISTS "auth_group" ("id" integer NOT NULL PRIMARY KEY AUTOINCREMENT, "name" varchar(150) NOT NULL UNIQUE);
CREATE TABLE IF NOT EXISTS "auth_user" ("id" integer NOT NULL PRIMARY KEY AUTOINCREMENT, "password" varchar(128) NOT NULL, "last_login" datetime NULL, "is_superuser" bool NOT NULL, "username" varchar(150) NOT NULL UNIQUE, "last_name" varchar(150) NOT NULL, "email" varchar(254) NOT NULL, "is_staff" bool NOT NULL, "is_active" bool NOT NULL, "date_joined" datetime NOT NULL, "first_name" varchar(150) NOT NULL);
INSERT INTO auth_user VALUES(1,'pbkdf2_sha256$216000$DtmQWFProsjC$fHtnHjXptxIFBwhCERtuQLZQkRPCz/dkVLcqYo51+qI=','2021-05-07 13:48:44.177330',1,'zoran','','zo@zo.com',1,1,'2016-08-19 07:56:01.963619','');
INSERT INTO auth_user VALUES(7,'pbkdf2_sha256$216000$MvrEl2A6w8i0$rFafd9VQijcZydhg3c1D57CDfyZt0bkpaHZvIsMnaT4=','2021-08-16 20:05:23.118967',0,'zorans','','',0,1,'2016-09-22 09:22:37.359491','');
INSERT INTO auth_user VALUES(8,'pbkdf2_sha256$24000$qx0xeyZjZg2S$PoUIE63y4ZMR2Mj2naeAz1X58QyAmx8YAJQBRk9djiY=','2016-09-29 11:19:09.313490',0,'abubakara','Danjuma Abdullahi','',0,1,'2016-09-22 11:05:45.575082','Abubakar');
INSERT INTO auth_user VALUES(9,'pbkdf2_sha256$20000$x8ndEu0HzQuH$TGk/dXNVTWEgbbsF3DXSpk3grOtD7KVLv9/wR2Zwo38=',NULL,0,'aleksandarv','Vinjevac','',0,1,'2016-09-22 11:05:45.605043','Aleksandar');
INSERT INTO auth_user VALUES(10,'pbkdf2_sha256$24000$sqbGad1casjt$LLUuTzU4BWJZBzBrylc0VEWzuFOZLGnroeV4UgEErJo=','2016-09-25 16:27:00.230084',0,'aleksandram','Maravelski','',0,1,'2016-09-22 11:05:45.631952','Aleksandra');
INSERT INTO auth_user VALUES(11,'pbkdf2_sha256$24000$Q4nZLnZPqFvh$dad9D3yZK8PThmgx4IZ+Lm824kZ/zZs7A+TzmSgNbCE=','2016-09-27 09:39:27.107141',0,'alenb','Bjelopetrovi','',0,1,'2016-09-22 11:05:45.658895','Alen');
INSERT INTO auth_user VALUES(12,'pbkdf2_sha256$24000$5X5no6i6xUoC$sRJR1go5PFs8XhCtNZAwMFN9gdacZkj/HvUzcqctPlE=','2016-09-25 16:28:02.859308',0,'anam','Mikleuevi','',0,1,'2016-09-22 11:05:45.694238','Ana');
INSERT INTO auth_user VALUES(13,'pbkdf2_sha256$24000$18ozPF76bCA8$M5vYED1UppgQM68haLM6arwmM1TFb/t5zO7MJlDgOXk=','2016-09-22 11:10:19.108168',0,'anas','anti','',0,1,'2016-09-22 11:05:45.738112','Ana');
INSERT INTO auth_user VALUES(14,'pbkdf2_sha256$20000$6zsmoKEj93wD$ucQ36G1XFo0z9mTUTRQ50CnslHiEkBxk8NBcq/e81p0=',NULL,0,'andjelap','Pustak','',0,1,'2016-09-22 11:05:45.765742','Anela');
INSERT INTO auth_user VALUES(15,'pbkdf2_sha256$24000$nnunjKjyL05x$tij3HyOCZWmL1P2bC6kNkxnxUmLv01HP2eyPbfzqwh4=','2016-09-25 16:25:18.706991',0,'andreasp','Pein','',0,1,'2016-09-22 11:05:45.796850','Andreas');
INSERT INTO auth_user VALUES(16,'pbkdf2_sha256$20000$VWZkBECVF0kJ$9S7vbz50v/CCjnJqA9bl5Z1+pm3Uq2K311e6ntgEbNI=',NULL,0,'andreasr','Roodt','',0,1,'2016-09-22 11:05:45.825847','Andreas');
INSERT INTO auth_user VALUES(17,'pbkdf2_sha256$24000$Bx9LXATCRz9S$9AIydr5Ngdlip3GkqpSHWHM5G9vLbjeu7EeH47+l+to=','2016-10-03 06:53:19.755027',0,'andrei','Tomulescu','',0,1,'2016-09-22 11:05:45.855802','Andrei-Gabriel');
INSERT INTO auth_user VALUES(18,'pbkdf2_sha256$20000$MIjG0tn0DW07$O7iyQXpEjAD/ovtQWS+RAetkoczfJ9cgcfeQ/PP+/4o=',NULL,0,'angelaa','Altomare','',0,1,'2016-09-22 11:05:45.891792','Angela');
INSERT INTO auth_user VALUES(19,'pbkdf2_sha256$20000$F6lrvtb3Z65d$e2Ex11hxxu8BdtOu2MRMV0mA8O4DJ79gZ8K+U35Zv8g=',NULL,0,'annam','Moliterni','',0,1,'2016-09-22 11:05:45.921500','Anna');
INSERT INTO auth_user VALUES(20,'pbkdf2_sha256$20000$JPOtMtG2PS4V$kflBH6/1qeD1VcJpqKzxg3z8zfPEFc4sqp3DTBELz3s=',NULL,0,'anthonyl','Linden','',0,1,'2016-09-22 11:05:45.958345','Anthony');
INSERT INTO auth_user VALUES(21,'pbkdf2_sha256$24000$IzJayei74QWR$40Cytq93JX9h+rLaJ0bJvKAEcgPE/xYUyco/Y13cNW8=','2016-09-25 16:33:37.913154',0,'arija','Addaraidi','',0,1,'2016-09-22 11:05:45.992802','Arij');
INSERT INTO auth_user VALUES(22,'pbkdf2_sha256$20000$ORz2pmhMBEoB$SPPlE97OiH77qckyNqyswsFVLzhdMdV4ZuHLYSKSO0A=',NULL,0,'aureliaf','Falcicchio','',0,1,'2016-09-22 11:05:46.018893','Aurelia');
INSERT INTO auth_user VALUES(23,'pbkdf2_sha256$24000$NEgryaAHAT7i$NJvxQjCnk8mIwfglq74vXfkiS1ghmFR9q6eFiLStpYY=','2016-09-25 16:15:57.594160',0,'benediktd','Daurer','',0,1,'2016-09-22 11:05:46.049117','Benedikt');
INSERT INTO auth_user VALUES(24,'pbkdf2_sha256$24000$3Zz2dhnTIFsh$Nv1slUJQDXQtCnHRgyfKCiyifsYSTRVcKhH0YLCpP+I=','2016-09-25 16:33:29.227154',0,'biserkak','Kojic-Prodic','',0,1,'2016-09-22 11:05:46.074783','Biserka');
INSERT INTO auth_user VALUES(25,'pbkdf2_sha256$24000$oPFUfCtbc0uI$S9xg7OqWx19H0rBioILqOmgBMOGreulhgAZGC2LcxKA=','2016-09-25 16:10:41.966223',0,'bostjanz','ener','',0,1,'2016-09-22 11:05:46.101102','Botjan');
INSERT INTO auth_user VALUES(26,'pbkdf2_sha256$20000$JUKpMBXqnV1s$ZgDNGZrYb22ev9gZkW73CHuDEeRw6MHf61joOZw7ItI=',NULL,0,'brahimik','Khadidja','',0,1,'2016-09-22 11:05:46.126924','Brahimi');
INSERT INTO auth_user VALUES(27,'pbkdf2_sha256$20000$m5bpUyqXJfz7$7mnbJuDy3mJeNIFChy/W0DS1MOBaNg0+i2wPVCCRFOQ=',NULL,0,'carmelog','Giacovazzo','',0,1,'2016-09-22 11:05:46.152790','Carmelo');
INSERT INTO auth_user VALUES(28,'pbkdf2_sha256$24000$9XFjv01JtpAi$9y5dzeFOe7OTO75rnGIZS2gkJOKyI3egvO4opg9/EYE=','2016-09-25 16:23:54.796417',0,'carolined','Davies','',0,1,'2016-09-22 11:05:46.188793','Caroline');
INSERT INTO auth_user VALUES(29,'pbkdf2_sha256$24000$ix0GtsOAh6WK$b6uYT6Ct5nyPNMNklYCFlgBbjUHcEU7Fk9UmCJkBmy0=','2016-10-05 08:44:04.662390',0,'chiarac','Cappuccino','',0,1,'2016-09-22 11:05:46.216080','Chiara');
INSERT INTO auth_user VALUES(30,'pbkdf2_sha256$20000$kYYjiiZCmEw0$dXS5bi6pMbwYNC6T+/xuhGJh4CaESH193v2dSb8FzwY=',NULL,0,'christera','Aakeroy','',0,1,'2016-09-22 11:05:46.242150','Christer');
INSERT INTO auth_user VALUES(31,'pbkdf2_sha256$20000$VmTyB1Z7VMQz$obUOo2eefTRyVkXxswpb4Rsj4kEkMzU2mmsnm8Gejdk=',NULL,0,'christinek','Koptik','',0,1,'2016-09-22 11:05:46.267772','Christine');
INSERT INTO auth_user VALUES(32,'pbkdf2_sha256$20000$6qJxx7vyYIpt$inG9+7AVi05Rgov95X51F+h1rfmPZZWWbABb99gfye8=',NULL,0,'corradoc','Cuocci','',0,1,'2016-09-22 11:05:46.300920','Corrado');
INSERT INTO auth_user VALUES(33,'pbkdf2_sha256$24000$c0njTCkoepSg$9TqXiG24MITf/bAUvRRhwoxL9/Uvsci1r0nO+VV064I=','2016-09-25 16:11:25.281123',0,'daniela','Antonio','',0,1,'2016-09-22 11:05:46.325795','Daniel');
INSERT INTO auth_user VALUES(34,'pbkdf2_sha256$20000$WE0xHlTAC8p5$7pXtorIzkfC/PBzMNqNjtXlJc3ROOLgawlOAbcYTY3A=',NULL,0,'dariol','Lapi','',0,1,'2016-09-22 11:05:46.350902','Dario');
INSERT INTO auth_user VALUES(35,'pbkdf2_sha256$24000$duRifE6EUZoe$Jcl6eLiHcQ0axPYFGfKpCTSqai+hzMWuO5eq7VeqFZg=','2016-09-27 16:31:25.263204',0,'darkov','Vuak','',0,1,'2016-09-22 11:05:46.385093','Darko');
INSERT INTO auth_user VALUES(36,'pbkdf2_sha256$24000$cIdCrJPWL3P9$yKYEHc5keADIIshpj31EpZJyH5sJkQNzzhwYZ0DJcUI=','2016-10-07 16:08:42.306835',0,'dmitriyy','Yatsenko','',0,1,'2016-09-22 11:05:46.411252','Dmitriy');
INSERT INTO auth_user VALUES(37,'pbkdf2_sha256$24000$dF8sHlI6IbtU$xih+ER2siHVv15QzjBMzRYzuUFN54gha3dAZow0SIBE=','2016-09-25 16:22:43.656424',0,'dorotam','Matras','',0,1,'2016-09-22 11:05:46.664568','Dorota');
INSERT INTO auth_user VALUES(38,'pbkdf2_sha256$24000$1IIPMjJzuS6i$qg8J62lfnp3bnIo2xhY32UW+pr57EdDYk10Oo+rOL+0=','2016-10-04 21:29:57.200049',0,'dumisanik','V. (Tom) Kama','',0,1,'2016-09-22 11:05:46.688955','Dumisani');
INSERT INTO auth_user VALUES(39,'pbkdf2_sha256$24000$VCOdfJSNWFwj$LPhweqFKw7gHeek76zMs78YV1TUMlSS4G+1hyky6Jes=','2016-09-26 20:24:36.851304',0,'edouardb','Boivin','',0,1,'2016-09-22 11:05:46.719232','Edouard');
INSERT INTO auth_user VALUES(40,'pbkdf2_sha256$20000$o0m9DDOZkQZg$D8vKVuVvV7pCKKv2XrNuWrl9wp2osxaGE3ot7NpOUng=',NULL,0,'ekaterinas','Smirnova','',0,1,'2016-09-22 11:05:46.749822','Ekaterina');
INSERT INTO auth_user VALUES(41,'pbkdf2_sha256$24000$T2U51DKBMUmb$yJ13+2RzotIq0NgkVYb4cFvfz+shjLCBszfyq6qUvJE=','2016-09-25 16:25:09.976876',0,'eliskas','Skorepova','',0,1,'2016-09-22 11:05:46.775771','Eliska');
INSERT INTO auth_user VALUES(42,'pbkdf2_sha256$20000$1uFK7D1viFHv$bjJveyvhwycP7airuMstOTATa5OLkFjRAwpeYOCaV48=',NULL,0,'eugenl','Libowitzky','',0,1,'2016-09-22 11:05:46.801926','Eugen');
INSERT INTO auth_user VALUES(43,'pbkdf2_sha256$24000$TymK610Kd6NG$Ryj1GDC/3CBSEsj3gh6pu1nP/Vy/IYPa/pCQTbwCq0I=','2016-09-26 07:44:02.356040',0,'fatimaha','Alqahtani','',0,1,'2016-09-22 11:05:46.827912','Fatimah');
INSERT INTO auth_user VALUES(44,'pbkdf2_sha256$20000$aX5ZM4UJD0gg$vvwfL2ONvnLc/1GFu9hsQU9W1K3qelWFYZTqK/uEfUE=',NULL,0,'flaviof','Fanelli','',0,1,'2016-09-22 11:05:46.857795','Flavio');
INSERT INTO auth_user VALUES(45,'pbkdf2_sha256$24000$PqOdefQXINqt$EFu9KS9AsgKpPkP3PVuF9l/NSR0OtxqmTjWSl2BdkyE=','2016-09-25 16:16:21.870141',0,'florianas','Spinelli','',0,1,'2016-09-22 11:05:46.891925','Floriana');
INSERT INTO auth_user VALUES(46,'pbkdf2_sha256$20000$Qs1tW5ZdZZjV$/ToGqnljFa7+1pXR4Kh3iYqs300cbnIBIli2wKF6P9c=',NULL,0,'gretaa','Marie Assmann','',0,1,'2016-09-22 11:05:46.917799','Greta');
INSERT INTO auth_user VALUES(47,'pbkdf2_sha256$20000$n1WbYrOS2LhL$K2uDiBZYQB8nRVGS9lGpgvXBzCPU4DEV+HzpUN0nvZA=',NULL,0,'grzegorzs','widerski','',0,1,'2016-09-22 11:05:46.947726','Grzegorz');
INSERT INTO auth_user VALUES(48,'pbkdf2_sha256$20000$f34HB5C4bQU2$jIFcqTn9rTh0sKEldiMo1sNJmlM0HptUebWWiOwBPZE=',NULL,0,'gwilhermn','Nenert Nenert','',0,1,'2016-09-22 11:05:46.975863','Gwilherm');
INSERT INTO auth_user VALUES(49,'pbkdf2_sha256$24000$tFUAUo6yMfWk$BtBwzbWSlB2dN0wp7yDGMEqg6thnHzH/ThoOIPX5EUI=','2016-09-29 08:02:33.867254',0,'igors','Sablji','',0,1,'2016-09-22 11:05:47.002953','Igor');
INSERT INTO auth_user VALUES(50,'pbkdf2_sha256$24000$WGMIKA1yrVCG$8WCReYmy0E0aEJnVyKHj2O0MUYL/KIXW1sqOB73qK40=','2016-12-18 21:23:31.048914',0,'isabelp','Povedano Fuentes','',0,1,'2016-09-22 11:05:47.028863','Isabel');
INSERT INTO auth_user VALUES(51,'pbkdf2_sha256$24000$EtaUH88yQP9b$dNkVsxffDnH56iCZjHvu5tSp/WjDaKJdEZoXQfR3+B8=','2016-09-29 07:49:30.942234',0,'ivanak','Kekez','',0,1,'2016-09-22 11:05:47.054802','Ivana');
INSERT INTO auth_user VALUES(52,'pbkdf2_sha256$20000$YLcCrdrDqgBV$ZIEm/nVeJX03EjjMXyTxSMmcRbBxr+yIDGVpthq6PNE=',NULL,0,'ivank','Kodrin','',0,1,'2016-09-22 11:05:47.091105','Ivan');
INSERT INTO auth_user VALUES(53,'pbkdf2_sha256$20000$v8tRk2APNxaO$zdbY+OWhWNMq2zFROYTV1zk3HotcxhCQm9vMj2tCrCY=',NULL,0,'janetl','Linden','',0,1,'2016-09-22 11:05:47.117057','Janet');
INSERT INTO auth_user VALUES(54,'pbkdf2_sha256$20000$hTwU2ynhBVB7$u4cMtz0LRg/OI1ZB5xClK2/0rvSdWIplpA3JmVlMx4M=',NULL,0,'janezp','Plavec','',0,1,'2016-09-22 11:05:47.143855','Janez');
INSERT INTO auth_user VALUES(55,'pbkdf2_sha256$20000$H1TdhXGOHrOe$oEpH2kpCBM25LK1K3H/+mZU6M93c/BrAEzBI61cO9W0=',NULL,0,'jasminkap','Popovi','',0,1,'2016-09-22 11:05:47.169812','Jasminka');
INSERT INTO auth_user VALUES(56,'pbkdf2_sha256$20000$KGvprqPXiPqD$uDzvtIRIFPo/ugFDO8K1KooQg+7bIc2iSE5zTaKSAP4=',NULL,0,'jernejs','Stare','',0,1,'2016-09-22 11:05:47.200950','Jernej');
INSERT INTO auth_user VALUES(57,'pbkdf2_sha256$20000$kCVOX4m14P66$2rayC1saQvzdFMONBpil7xSaPAOiOO8wAPQSBuyHmoc=',NULL,0,'joyceb','Buchan','',0,1,'2016-09-22 11:05:47.227989','Joyce');
INSERT INTO auth_user VALUES(58,'pbkdf2_sha256$20000$UWiO9i0CWJTs$pLHxnidgnyX5pPNPnmGfwHkkUf15cNUkYRYcCgQiaWo=',NULL,0,'jozeg','Grdadolnik','',0,1,'2016-09-22 11:05:47.255292','Joe');
INSERT INTO auth_user VALUES(59,'pbkdf2_sha256$24000$51pPMCbIb2o6$yIoiTScc5rYL9YjlkFzj2J7hI8Q7r3j0ZD2AQVcFS1I=','2016-09-25 16:20:07.103514',0,'junyul','Li','',0,1,'2016-09-22 11:05:47.292025','Junyu');
INSERT INTO auth_user VALUES(60,'pbkdf2_sha256$20000$l3WH1fRAAqvs$UpO8pQzdfrZrBCAe7AiTFWuEr+FTaYrug9+0+iKgaFA=',NULL,0,'karolinag','Gucunski','',0,1,'2016-09-22 11:05:47.318782','Karolina');
INSERT INTO auth_user VALUES(61,'pbkdf2_sha256$20000$NwRb0WLcAJIH$7d/PRmuHRe9oPRVwZYytGJQaLgzL8WVV7hDei6epFUU=',NULL,0,'kresimirm','Molcanov','',0,1,'2016-09-22 11:05:47.345857','Kresimir');
INSERT INTO auth_user VALUES(62,'pbkdf2_sha256$24000$FWtG9GC3pKr0$w1NsGTTEslZ8VJbHgntIeBet7ZsipfU4kO97qLv/uUY=','2016-09-25 16:46:12.079024',0,'kristijank','Kreki','',0,1,'2016-09-22 11:05:47.393576','Kristijan');
INSERT INTO auth_user VALUES(63,'pbkdf2_sha256$24000$B7i6fkXJ49ek$x2cTZZI6mmY1c3/wEFMb2zn9EGnmNLxUaclnJ3ynzcE=','2016-09-29 07:03:50.614001',0,'kristinas','Smokrovi','',0,1,'2016-09-22 11:05:47.419955','Kristina');
INSERT INTO auth_user VALUES(64,'pbkdf2_sha256$24000$HKL5rpPFH8Ji$1OZI2b3IV7CNFkNgfsC2FUdY83APxNcQ78limkA4vAo=','2016-09-25 16:24:56.634115',0,'laras','tajner','',0,1,'2016-09-22 11:05:47.446880','Lara');
INSERT INTO auth_user VALUES(65,'pbkdf2_sha256$24000$kXYUur9TsFde$Nwx2pMtGck/JYi7iE2KFiS10D2wOOIig3gcf3zq0/8s=','2016-09-25 16:51:09.856884',0,'lidijaa','Andro Dubraja','',0,1,'2016-09-22 11:05:47.474092','Lidija');
INSERT INTO auth_user VALUES(66,'pbkdf2_sha256$20000$D3Xd1HYDRIlm$If1aQNmWPXIT6ENz4aho8koWJYfBYjBTb1kN6QAjc1c=',NULL,0,'lukasp','Palatinus','',0,1,'2016-09-22 11:05:47.508105','Lukas');
INSERT INTO auth_user VALUES(67,'pbkdf2_sha256$20000$YjiP9He6hgFt$Kd2wyBK4o8Z6vSrMe+0V9Ab7Mov/74lRQvknNCOrjdg=',NULL,0,'marcr','Raventos','',0,1,'2016-09-22 11:05:47.535047','Marc');
INSERT INTO auth_user VALUES(68,'pbkdf2_sha256$20000$bhQBpWTjiEom$4AU7D22FUnpsMiEsdnm9JwwICjltjKyNKq3vBTHqDkU=',NULL,0,'marijanad','akovi','',0,1,'2016-09-22 11:05:47.561760','Marijana');
INSERT INTO auth_user VALUES(69,'pbkdf2_sha256$24000$cb63C0W1JWg5$1bJ0Eu7nMBuMeecH0fWvWNjpNyRR7egT4EMzYfLHYE0=','2016-10-02 20:47:18.452513',0,'markor','Rodi','',0,1,'2016-09-22 11:05:47.588743','Marko');
INSERT INTO auth_user VALUES(70,'pbkdf2_sha256$24000$t73OWHqGxnFF$NXitQwb5XLl0Tn700mM/xPy85rtl52icBWY7SQ48QcY=','2016-09-25 16:21:29.583073',0,'markot','Tomin','',0,1,'2016-09-22 11:05:47.615939','Marko');
INSERT INTO auth_user VALUES(71,'pbkdf2_sha256$24000$Jzz0jjCirSBj$tIru90mFQdWIyfcjL2aSWhHogL6+AwptcvvO96JTgrY=','2016-09-25 16:24:54.936741',0,'martinav','Vranki','',0,1,'2016-09-22 11:05:47.646425','Martina');
INSERT INTO auth_user VALUES(72,'pbkdf2_sha256$24000$MLL3oaK8m4Xl$oUugVJgkRRy75Wx/K7Fh8CfzAoQQ6NtmFdrDlmip7eU=','2016-09-25 16:28:06.179180',0,'martinb','Babor','',0,1,'2016-09-22 11:05:47.677101','Martin');
INSERT INTO auth_user VALUES(73,'pbkdf2_sha256$24000$o7XBCz2vM86k$E6MUIHIa0qVZwq3nsksrk9hh7pNGl15uF0+MpddOuXI=','2016-09-25 16:26:26.503101',0,'martinl','Lutz','',0,1,'2016-09-22 11:05:47.718716','Martin');
INSERT INTO auth_user VALUES(74,'pbkdf2_sha256$24000$mbJzYvN50kLU$pjXlfbwpoo9OUyyh8a7NXq8PLQjkRE9w3dQBL7Zrisg=','2016-09-28 09:41:55.635132',0,'matijau','Uri','',0,1,'2016-09-22 11:05:47.760087','Matija');
INSERT INTO auth_user VALUES(75,'pbkdf2_sha256$20000$HvXHmfh1Z3CL$q+7S8kklSeaEePZr9x4GciD4Ppn5dbdKTJKLCBc7BYw=',NULL,0,'matijav','Vukovinski','',0,1,'2016-09-22 11:05:47.785733','Matija');
INSERT INTO auth_user VALUES(76,'pbkdf2_sha256$20000$E0zQQm22mnyh$BWY78H8XIke3TqG/A0dNLb+dTkWCCT0hpapn0T2RV1s=',NULL,0,'matthewc','Conroy','',0,1,'2016-09-22 11:05:47.811828','Matthew');
INSERT INTO auth_user VALUES(77,'pbkdf2_sha256$24000$m5V2WopqLKes$217qY+p73hHZEXAvIXn+iS7uOFiTp/JnBmOMtQjS7rE=','2016-09-25 16:24:59.751155',0,'mihaelat','Tuksar','',0,1,'2016-09-22 11:05:47.837815','Mihaela');
INSERT INTO auth_user VALUES(78,'pbkdf2_sha256$20000$zDFtbCLUhjuN$n0GwS2kCWhL9i3lrsUT3S7baMfpQRHbroYZdh8D4hwY=',NULL,0,'mirjanab','Bijeli','',0,1,'2016-09-22 11:05:47.863960','Mirjana');
INSERT INTO auth_user VALUES(79,'pbkdf2_sha256$24000$luyeOkWPpbhH$yIdPbnuPfdLudbfXp3KtJeMksg/vMZj5JtkfCFDYD14=','2016-11-17 16:04:14.725411',0,'mirjanar','Radanovi','',0,1,'2016-09-22 11:05:47.895210','Mirjana');
INSERT INTO auth_user VALUES(80,'pbkdf2_sha256$24000$b8nwisTEYnTS$lQLymD3xKQJ525cge/x3qQcZ8LqvQHowVJ2uc2l8XFI=','2016-09-26 07:17:29.201436',0,'mladenb','Borovina','',0,1,'2016-09-22 11:05:47.921085','Mladen');
INSERT INTO auth_user VALUES(81,'pbkdf2_sha256$20000$li5RoOwlG3p4$Nv67Of1etP4r0iNB4nXWWA90tAI1K3wBbAShxOwcU+E=',NULL,0,'monab','Binkadem','',0,1,'2016-09-22 11:05:47.946036','Mona');
INSERT INTO auth_user VALUES(82,'pbkdf2_sha256$20000$Ormj3zzMVihH$Ev/8RnoFtLY6tSp4EV0T31DQv2+oS+3855xBnacrX6Y=',NULL,0,'monikak','Kalinowska','',0,1,'2016-09-22 11:05:47.981781','Monika');
INSERT INTO auth_user VALUES(83,'pbkdf2_sha256$24000$K8roAzL9V3ev$vUxCnvq5NMVoSC0UZk0XMAbnKuBgBDf70n5qCbvLgu0=','2016-09-25 16:25:50.484263',0,'natalial','Lekontceva','',0,1,'2016-09-22 11:05:48.008107','Natalia');
INSERT INTO auth_user VALUES(84,'pbkdf2_sha256$24000$lRxBFpoDb6kP$1n0KN5EGI0FDkwprdblm9u2rH2COZMymZL3qrCuuEoY=','2016-09-25 16:35:23.896096',0,'noraha','Alsaiari','',0,1,'2016-09-22 11:05:48.034041','Norah');
INSERT INTO auth_user VALUES(85,'pbkdf2_sha256$24000$Nqh9lXv7zyBj$vg4MOe0h5ZHdKg1+4VQN/7kMBBq4OU2pjtSURINdiYY=','2016-09-25 16:57:28.624540',0,'oleksiis','Shemchuk','',0,1,'2016-09-22 11:05:48.060089','Oleksii');
INSERT INTO auth_user VALUES(86,'pbkdf2_sha256$20000$2y6lacKrlS50$oglDyiqDD3hlg/UYj6IKobVFs59S1dlWhWLPNXaqO9I=',NULL,0,'olesiak','Karakulina','',0,1,'2016-09-22 11:05:48.092129','Olesia');
INSERT INTO auth_user VALUES(87,'pbkdf2_sha256$24000$RDY3vDZM4myD$YXTC/syddm0pQepttIlEqZ75BxE+VQuovLs06ZWIZrs=','2016-09-25 16:42:14.147139',0,'olufunsoa','Olumide Abosede','',0,1,'2016-09-22 11:05:48.118125','Olufunso');
INSERT INTO auth_user VALUES(88,'pbkdf2_sha256$24000$x3YDwGFr8iYe$q6pSSc1VNHinnpfiBcDsBmKTobkHJLlaR4lXSOZBFpE=','2016-09-26 13:55:38.792163',0,'orbetta','Alexander','',0,1,'2016-09-22 11:05:48.144054','Orbett');
INSERT INTO auth_user VALUES(89,'pbkdf2_sha256$24000$Rkqe3xpNvCJP$PYC7Ysun4nwkErxZZr3NQVmlxvK8Y51thzffSFE936M=','2016-09-25 16:13:38.124397',0,'patriciad','Delgado-Martnez','',0,1,'2016-09-22 11:05:48.170039','Patricia');
INSERT INTO auth_user VALUES(90,'pbkdf2_sha256$24000$NfsdjTXNFWMO$NAaywWQCVcAvAtrOTaxC5uQtKt1vezsJQSzhRejEIhg=','2016-09-25 16:11:51.664170',0,'patrika','Ahvenainen Ahvenainen','',0,1,'2016-09-22 11:05:48.299434','Patrik');
INSERT INTO auth_user VALUES(91,'pbkdf2_sha256$24000$Ly7MPgt2DekK$4T4cL6TvRzavpRTS3DzCSHKd2T03aUFdGUvxL5wm2Y8=','2016-09-25 16:19:04.742083',0,'patrykr','Rzepiski','',0,1,'2016-09-22 11:05:48.324222','Patryk');
INSERT INTO auth_user VALUES(92,'pbkdf2_sha256$24000$CsQnLdl4qMRd$R1THzupssp9/aH7iHpgOPrtpTKnjS3U9NhNAxifjTYo=','2016-09-25 16:20:03.301954',0,'paulc','Carr','',0,1,'2016-09-22 11:05:48.350095','Paul');
INSERT INTO auth_user VALUES(93,'pbkdf2_sha256$24000$eAkzuLZfthv1$ZRmPSL8HwGF8lOAO75JN5wVcI9PN+u1Jd86Poq/m2mc=','2016-09-26 12:19:07.634282',0,'pault','Tinnemans','',0,1,'2016-09-22 11:05:48.377473','Paul');
INSERT INTO auth_user VALUES(94,'pbkdf2_sha256$20000$GnWe0YEa7h6I$hfoNTiwmFr2uJQwLL22lrZyuTOF4XHtxvJ4luj4etSU=',NULL,0,'peterw','Wood','',0,1,'2016-09-22 11:05:48.413747','Peter');
INSERT INTO auth_user VALUES(95,'pbkdf2_sha256$20000$zqRFVJZrXj5E$lsOI0zVZay98yYpT9g5sYJJiZZv9B0boTG4HXz/tiig=',NULL,0,'renatas','wisocka','',0,1,'2016-09-22 11:05:48.447441','Renata');
INSERT INTO auth_user VALUES(96,'pbkdf2_sha256$24000$WdHsXCAQotAW$YVsJh4qEV6kNZKUY4UkBaHasowDYSrTyRCu9pil0gwc=','2016-09-25 16:22:45.512129',0,'robertk','Katava','',0,1,'2016-09-22 11:05:48.477064','Robert');
INSERT INTO auth_user VALUES(97,'pbkdf2_sha256$24000$gOfzFQvmxLA7$ubFWCQ7WC3AyIbzwieRio3KIi2kgDcI9i8SPpp+Saxc=','2016-09-25 16:33:07.262321',0,'rolaa','Alaeq','',0,1,'2016-09-22 11:05:48.505491','Rola');
INSERT INTO auth_user VALUES(98,'pbkdf2_sha256$24000$8uEE5dOtxRvC$0lKRuYUIJdOBoYARh7cRAO2530W1dSTZj3uy9GCCHMY=','2016-09-25 16:24:48.990955',0,'romaing','Gautier','',0,1,'2016-09-22 11:05:48.536013','Romain');
INSERT INTO auth_user VALUES(99,'pbkdf2_sha256$20000$iQUIqIuTn0gn$LAdXoXi9JCVGGB565KfIE2/wlDpFcUxdXvP7v8b+jfs=',NULL,0,'romans','Svetogorov','',0,1,'2016-09-22 11:05:48.567047','Roman');
INSERT INTO auth_user VALUES(100,'pbkdf2_sha256$24000$ExKgmITSePYK$cBjW3txTxBgGHLKr1fx9Qhmk1tvqyi+h8paHSoNsdts=','2016-09-25 16:49:01.911362',0,'rongh','Hao','',0,1,'2016-09-22 11:05:48.608712','Rong');
INSERT INTO auth_user VALUES(101,'pbkdf2_sha256$20000$VKqZIuBoTEeP$8p51TajJJ3B++vX/+SYnoWKeJnLnAdhnPXkYKlgMkJw=',NULL,0,'rosannar','Rizzi','',0,1,'2016-09-22 11:05:48.636739','Rosanna');
INSERT INTO auth_user VALUES(102,'pbkdf2_sha256$24000$UFvOgMrv4l0C$3ayZf8zvUpW950qRM6w4Np48nAAuNQ63AVWXioA0U6E=','2016-09-25 16:57:55.089496',0,'salimgereya','Adilov','',0,1,'2016-09-22 11:05:48.662988','Salimgerey');
INSERT INTO auth_user VALUES(103,'pbkdf2_sha256$24000$RbNfmdiKEA6o$cFKXCagX0kNh69QMRTwjJggafU5xFnSDpT269mb0MLo=','2016-09-25 16:25:35.237184',0,'sandrak','Kaabel','',0,1,'2016-09-22 11:05:48.712174','Sandra');
INSERT INTO auth_user VALUES(104,'pbkdf2_sha256$20000$2lhIqAswxEHD$Uhk+KWMxgbyNVMmWhZIC1niQQOIn8+I9L5truxbab3k=',NULL,0,'sandyb','Blake','',0,1,'2016-09-22 11:05:48.736726','Sandy');
INSERT INTO auth_user VALUES(105,'pbkdf2_sha256$20000$jqEftRPUDem4$O6uzNDALG1D3saArqGJC/PyUB6QiyzkjIT3YNP4TvGM=',NULL,0,'sanjab','Burazer','',0,1,'2016-09-22 11:05:48.761744','Sanja');
INSERT INTO auth_user VALUES(106,'pbkdf2_sha256$24000$2IzEnMDkP3I6$aPMZzGU9VpkMxPWK0/JVuhmAJvsI781EsLLpG1tWdiA=','2016-09-25 16:17:51.364066',0,'sephirar','Riva','',0,1,'2016-09-22 11:05:48.790834','Sephira');
INSERT INTO auth_user VALUES(107,'pbkdf2_sha256$20000$qCgvgF1hIuvm$rwZFUwGpLc1+Pi1DnqlxqYlPqqaQGdSbBGN26R283ho=',NULL,0,'shilovaa','Anastasiia','',0,1,'2016-09-22 11:05:48.813662','Shilova');
INSERT INTO auth_user VALUES(108,'pbkdf2_sha256$24000$xM0WJxXtXxki$os9Chjqg8ShGwwLQhEJku06U9rQC525JJILEGXRcOLI=','2016-09-25 16:23:46.821143',0,'sigridr','Reiter','',0,1,'2016-09-22 11:05:48.837691','Sigrid');
INSERT INTO auth_user VALUES(109,'pbkdf2_sha256$24000$6vrjSu9Vr8hw$Jq/BVWuMIiPggxbyljfo5iiLUePIIh3b0paw0Rd5DJ0=','2016-09-25 16:25:36.144346',0,'simonp','Parsons','',0,1,'2016-09-22 11:05:48.862678','Simon');
INSERT INTO auth_user VALUES(110,'pbkdf2_sha256$24000$UOMi4IiXqI1y$Au2ZBn9BPyJDtJnkjlsJWrrQaZ64+joo8kACmHOLETA=','2016-10-17 09:13:28.685453',0,'stefanoc','Canossa','',0,1,'2016-09-22 11:05:48.896734','Stefano');
INSERT INTO auth_user VALUES(111,'pbkdf2_sha256$20000$bUFuItiQDf0h$p+ps2+advFU+i8O7MQoCC4oh+SURHjteNvn83On0EnM=',NULL,0,'stellap','Grazia Pastore','',0,1,'2016-09-22 11:05:48.929844','Stella');
INSERT INTO auth_user VALUES(112,'pbkdf2_sha256$20000$56FqgAiNRK9p$7XG8z69bGZbriW4i/me2jPYmckqxSBwq/76nzgR5Izs=',NULL,0,'stephenb','Brooks','',0,1,'2016-09-22 11:05:48.959574','Stephen');
INSERT INTO auth_user VALUES(113,'pbkdf2_sha256$20000$lxZgr17VvSYY$QuXMFRsZvsCZWn3QqLVvMAG/y2NsCZRRLPjyVfHzY40=',NULL,0,'stjepanp','Prugovecki','',0,1,'2016-09-22 11:05:48.994722','Stjepan');
INSERT INTO auth_user VALUES(114,'pbkdf2_sha256$24000$UmQ6iL9p4jvT$BVE7bJ9gdZSA8XCAgffTviwUqpPwPRteC84R+NMXFTg=','2016-09-25 16:15:30.562193',0,'suttipongw','Wannapaiboon','',0,1,'2016-09-22 11:05:49.020736','Suttipong');
INSERT INTO auth_user VALUES(115,'pbkdf2_sha256$24000$0SSieY5UKRaU$8VdcyES/Bqr/yFZSZt0bfFFy8HjtN0/8Odvu3QOHges=','2016-09-25 16:15:02.571137',0,'theol','Leduc','',0,1,'2016-09-22 11:05:49.046687','Tho');
INSERT INTO auth_user VALUES(116,'pbkdf2_sha256$20000$eiT6l5fDI5oj$BUYEhI3nWnOzAyamVv8YUdWbel4e01dvY1wqhLFR0bk=',NULL,0,'tinad','Danevi Momilovi','',0,1,'2016-09-22 11:05:49.072865','Tina');
INSERT INTO auth_user VALUES(117,'pbkdf2_sha256$24000$yJcZBwrUBglF$n5nzzT+cBCpxUer0A8p+7ZFDbG8SV6vS7mN6Wb1dhmM=','2016-09-25 20:26:55.501135',0,'veronikas','Sldkov','',0,1,'2016-09-22 11:05:49.100918','Veronika');
INSERT INTO auth_user VALUES(118,'pbkdf2_sha256$20000$OOBoUNplS4DI$BRv0ePidjCq4TdNcCtQdH+I+0Lbtadt+lOYzKrpDMpk=',NULL,0,'vladimirs','Stilinovi','',0,1,'2016-09-22 11:05:49.127727','Vladimir');
INSERT INTO auth_user VALUES(119,'pbkdf2_sha256$20000$qlqJksCCBW3j$5idzw8qtCtaXK82iqItHX0K3wd24BUaUVDIAPl+1uyE=',NULL,0,'williamc','Clegg','',0,1,'2016-09-22 11:05:49.198755','William');
INSERT INTO auth_user VALUES(120,'pbkdf2_sha256$20000$5F4O0mrjfNH9$62uUBqWkGLGQkrcLIA3EGeRS2jVFsOsfdZWqcAP6Si8=',NULL,0,'wlodzimierzl','Lewandowski','',0,1,'2016-09-22 11:05:49.225858','Wodzimierz');
INSERT INTO auth_user VALUES(121,'pbkdf2_sha256$24000$AYsQu5V7cxyA$EB98p43XTH6uFFPwI4P4fC05it1GqEGrjK0xFPebGbQ=','2016-10-08 04:06:37.324081',0,'worawatw','Wattanathana','',0,1,'2016-09-22 11:05:49.251061','Worawat');
INSERT INTO auth_user VALUES(122,'pbkdf2_sha256$20000$cGzII9Rnsllw$/yDmCMB8C/E+NZZwebHq4GamFJmXxLi1KVOBi/jBqR0=',NULL,0,'yuliat','Trushkina','',0,1,'2016-09-22 11:05:49.291087','Yulia');
INSERT INTO auth_user VALUES(123,'pbkdf2_sha256$24000$mCUKkyzHORN9$0BOcufoiQlFitDn0rOqoPdHqagmskWL9CazliBXlCnM=','2016-09-25 16:10:02.015075',0,'zorap','Popovi','',0,1,'2016-09-22 11:05:49.321513','Zora');
INSERT INTO auth_user VALUES(124,'pbkdf2_sha256$24000$NFV0eolcjZVm$iTQQkCZvN5MryzQo1GwyOCPM4N5g7bBiEXoPfnNOZnI=','2020-10-02 08:40:35.186933',1,'admin','','',1,1,'2016-09-25 12:32:08.696274','');
INSERT INTO auth_user VALUES(125,'pbkdf2_sha256$24000$8nft9uGKG2T1$O9rp39IA7Cfh32kBxI47EvADUNiwqMrS8hgy2Y4euEs=','2016-09-27 12:07:52.392269',0,'edit','','',0,1,'2016-09-25 16:21:37.963050','');
INSERT INTO auth_user VALUES(126,'pbkdf2_sha256$24000$NLS1IqMc9bDN$qHJqKiQkPmkIf44gRQDzUFn5+NJCXJwbTV1jRe7dNoI=','2016-09-25 17:52:30.842175',0,'ivanan','','',0,1,'2016-09-25 16:22:28.928914','');
INSERT INTO auth_user VALUES(128,'pbkdf2_sha256$24000$GId8Er5pBIPr$GxYiCzmyzy1zSbENBPxHs5WBtd9nE7isAyIftkBKwJE=',NULL,0,'valentina','Milainovi','Valentina.Milasinovic@irb.hr',0,1,'2018-09-18 09:30:40','Valentina');
INSERT INTO auth_user VALUES(129,'pbkdf2_sha256$24000$bAUb4hdoC14g$olXgV0PtxkSwxkLs8yA9LkhrO04X4ZeKkKwyNkTizG0=',NULL,0,'teodoro','Klaser','tklaser@phy.hr',0,1,'2018-09-18 09:31:51','Teodoro');
INSERT INTO auth_user VALUES(130,'pbkdf2_sha256$24000$6tHsD9srGDr0$TKWPlFytlH2GIHBUAJZ1T09N+HL3kuUUPIaS1GXVD9c=',NULL,0,'ante','Bubi','ante.bubic@irb.hr',0,1,'2018-09-18 09:32:02','Ante');
INSERT INTO auth_user VALUES(131,'pbkdf2_sha256$24000$J5XfdsY0S4tg$POsmVieV3T5wreM0swQ2TNAzS3IsKY1O1YB+1RTHv5o=',NULL,0,'sergey','','',0,1,'2019-10-01 16:43:35.565555','');
INSERT INTO auth_user VALUES(132,'pbkdf2_sha256$24000$hQVyPIwr1lBv$klK9q2f64VV9206AxlaQ/Kn9Tg6XlY9tJPfv4/csaLo=','2019-10-02 16:53:19.071665',0,'areej','','',0,1,'2019-10-01 16:45:48.889529','');
INSERT INTO auth_user VALUES(133,'pbkdf2_sha256$24000$8rLm61Ss45M4$xBrgRRUOIIf+m2IjFHtNsNYVPOD87zVOYIEAjp5iUs4=','2019-10-18 05:33:25.126449',0,'mateja','Pisai','',0,1,'2019-10-11 12:35:02','Mateja');
INSERT INTO auth_user VALUES(134,'pbkdf2_sha256$24000$aSLbULT09jbN$G85438pUhlkDEO7znEKcxJW9a4V0XPyweErk/Ui1pNA=','2019-10-14 06:19:34.445143',0,'luka','Fotovi','',0,1,'2019-10-11 12:35:18','Luka');
INSERT INTO auth_user VALUES(135,'pbkdf2_sha256$24000$FoIJwG9pf1sZ$87X2Jk/MBO1j0Oxo5b7lflNZt9ZoysP53OpNBdER2Gs=','2020-11-09 08:52:34.693927',0,'Dubravka','Matkovi-alogovi','dubravka@chem.pmf.hr',0,1,'2020-10-02 08:41:32','Dubravka');
INSERT INTO auth_user VALUES(136,'pbkdf2_sha256$24000$UUxPBSbcort5$rIJQJiqda0o2fmj+PjKZ8hLfpESeZ8AEtgphk6YRll8=','2020-10-26 13:11:57.681441',0,'NikolinaP','Peni','penic@phy.hr',0,1,'2020-10-15 15:17:03','Nikolina');
INSERT INTO auth_user VALUES(137,'pbkdf2_sha256$24000$TDLineux93Xc$s/iyT9lPS59kg0fFFd+s9W9yskCffkl1qa/Uje/gfl4=','2020-10-23 09:11:46.297649',0,'MirnaM','Mandari','mirna.mandaric@chem.pmf.hr',0,1,'2020-10-15 15:17:19','Mirna');
INSERT INTO auth_user VALUES(138,'',NULL,0,'zoran1','','',0,1,'2021-05-07 13:48:01.413897','');
DELETE FROM sqlite_sequence;
INSERT INTO sqlite_sequence VALUES('django_migrations',35);
INSERT INTO sqlite_sequence VALUES('django_content_type',27);
INSERT INTO sqlite_sequence VALUES('auth_permission',99);
INSERT INTO sqlite_sequence VALUES('eventlog_log',317);
INSERT INTO sqlite_sequence VALUES('django_site',2);
INSERT INTO sqlite_sequence VALUES('account_emailaddress',1);
INSERT INTO sqlite_sequence VALUES('tasks_task1play',591);
INSERT INTO sqlite_sequence VALUES('quiz_category',2);
INSERT INTO sqlite_sequence VALUES('quiz_quiz',2);
INSERT INTO sqlite_sequence VALUES('quiz_question',7);
INSERT INTO sqlite_sequence VALUES('quiz_question_quiz',7);
INSERT INTO sqlite_sequence VALUES('multichoice_answer',9);
INSERT INTO sqlite_sequence VALUES('quiz_sitting',10);
INSERT INTO sqlite_sequence VALUES('quiz_progress',3);
INSERT INTO sqlite_sequence VALUES('account_account',138);
INSERT INTO sqlite_sequence VALUES('django_admin_log',39);
INSERT INTO sqlite_sequence VALUES('auth_group',0);
INSERT INTO sqlite_sequence VALUES('auth_user',138);
CREATE UNIQUE INDEX "auth_group_permissions_group_id_0cd325b0_uniq" ON "auth_group_permissions" ("group_id", "permission_id");
CREATE INDEX "auth_group_permissions_0e939a4f" ON "auth_group_permissions" ("group_id");
CREATE INDEX "auth_group_permissions_8373b171" ON "auth_group_permissions" ("permission_id");
CREATE UNIQUE INDEX "auth_user_groups_user_id_94350c0c_uniq" ON "auth_user_groups" ("user_id", "group_id");
CREATE INDEX "auth_user_groups_e8701ad4" ON "auth_user_groups" ("user_id");
CREATE INDEX "auth_user_groups_0e939a4f" ON "auth_user_groups" ("group_id");
CREATE UNIQUE INDEX "auth_user_user_permissions_user_id_14a6b632_uniq" ON "auth_user_user_permissions" ("user_id", "permission_id");
CREATE INDEX "auth_user_user_permissions_e8701ad4" ON "auth_user_user_permissions" ("user_id");
CREATE INDEX "auth_user_user_permissions_8373b171" ON "auth_user_user_permissions" ("permission_id");
CREATE INDEX "account_accountdeletion_e8701ad4" ON "account_accountdeletion" ("user_id");
CREATE INDEX "account_emailaddress_e8701ad4" ON "account_emailaddress" ("user_id");
CREATE INDEX "account_emailconfirmation_6f1edeac" ON "account_emailconfirmation" ("email_address_id");
CREATE INDEX "account_signupcode_d9678107" ON "account_signupcode" ("inviter_id");
CREATE INDEX "account_signupcoderesult_819faee9" ON "account_signupcoderesult" ("signup_code_id");
CREATE INDEX "account_signupcoderesult_e8701ad4" ON "account_signupcoderesult" ("user_id");
CREATE UNIQUE INDEX "django_content_type_app_label_76bd3d3b_uniq" ON "django_content_type" ("app_label", "model");
CREATE UNIQUE INDEX "auth_permission_content_type_id_01ab375a_uniq" ON "auth_permission" ("content_type_id", "codename");
CREATE INDEX "auth_permission_417f1b1c" ON "auth_permission" ("content_type_id");
CREATE INDEX "eventlog_log_d7e6d55b" ON "eventlog_log" ("timestamp");
CREATE INDEX "eventlog_log_418c5509" ON "eventlog_log" ("action");
CREATE INDEX "eventlog_log_e8701ad4" ON "eventlog_log" ("user_id");
CREATE INDEX "eventlog_log_417f1b1c" ON "eventlog_log" ("content_type_id");
CREATE INDEX "django_session_de54fa62" ON "django_session" ("expire_date");
CREATE INDEX "tasks_task1play_e8701ad4" ON "tasks_task1play" ("user_id");
CREATE INDEX "quiz_subcategory_b583a629" ON "quiz_subcategory" ("category_id");
CREATE INDEX "quiz_quiz_572d4e42" ON "quiz_quiz" ("url");
CREATE INDEX "quiz_quiz_b583a629" ON "quiz_quiz" ("category_id");
CREATE INDEX "quiz_sitting_e8701ad4" ON "quiz_sitting" ("user_id");
CREATE INDEX "quiz_sitting_baedd54c" ON "quiz_sitting" ("quiz_id");
CREATE INDEX "quiz_question_b583a629" ON "quiz_question" ("category_id");
CREATE INDEX "quiz_question_fa50d5d8" ON "quiz_question" ("sub_category_id");
CREATE INDEX "quiz_question_quiz_7aa0f6ee" ON "quiz_question_quiz" ("question_id");
CREATE INDEX "quiz_question_quiz_baedd54c" ON "quiz_question_quiz" ("quiz_id");
CREATE INDEX "multichoice_answer_7aa0f6ee" ON "multichoice_answer" ("question_id");
CREATE INDEX "account_passwordhistory_user_id_dc325181" ON "account_passwordhistory" ("user_id");
CREATE INDEX "django_admin_log_content_type_id_c4bce8eb" ON "django_admin_log" ("content_type_id");
CREATE INDEX "django_admin_log_user_id_c564eba6" ON "django_admin_log" ("user_id");
COMMIT;
